datetime,open,high,low,close,volume
2024-04-25 09:30:00,169.60001,170.61,168.15109,169.059998,25922254.0
2024-04-25 13:30:00,169.054993,170.035004,168.86,169.89999,15774502.0
2024-04-26 09:30:00,169.87,171.34,169.53999,169.875,22767801.0
2024-04-26 13:30:00,169.88,170.11,169.19,169.28999,14670957.0
2024-04-29 09:30:00,173.39,176.029999,173.13,174.87,40805731.0
2024-04-29 13:30:00,174.87,175.105,173.12,173.49001,16312452.0
2024-04-30 09:30:00,173.202,174.99001,172.64999,173.2753,23515996.0
2024-04-30 13:30:00,173.30499,173.8799,170.020004,170.089996,20534944.0
2024-05-01 09:30:00,170.0,171.72,169.11,171.12,19693029.0
2024-05-01 13:30:00,171.125,172.69,169.25,169.28999,22079470.0
2024-05-02 09:30:00,172.42,172.78,170.89,172.6989,35193698.0
2024-05-02 13:30:00,172.7,173.41499,172.41,173.089996,24725796.0
2024-05-03 09:30:00,186.67,187.0,182.66,185.36011,96831277.0
2024-05-03 13:30:00,185.36,185.99001,183.050003,183.39,43613043.0
2024-05-06 09:30:00,182.354,184.17,180.58121,180.59,45668988.0
2024-05-06 13:30:00,180.59,182.020004,180.42,181.7,23476058.0
2024-05-07 09:30:00,183.45,184.89999,181.32001,182.56,47929888.0
2024-05-07 13:30:00,182.56,182.92,182.089996,182.37,15408217.0
2024-05-08 09:30:00,182.71001,182.96001,181.46001,182.3,22545915.0
2024-05-08 13:30:00,182.30499,183.050003,182.295,182.74001,14112617.0
2024-05-09 09:30:00,182.56,184.5,182.12,184.38,25653263.0
2024-05-09 13:30:00,184.39,184.64999,184.059998,184.64999,14663056.0
2024-05-10 09:30:00,184.92,185.089996,182.21001,182.395,26730166.0
2024-05-10 13:30:00,182.39,183.2,182.13,183.0,13665892.0
2024-05-13 09:30:00,185.435,186.92999,184.62,186.6586,39145912.0
2024-05-13 13:30:00,186.66,187.10001,186.070007,186.285,21220698.0
2024-05-14 09:30:00,187.64999,188.3,186.28999,186.53,26419609.0
2024-05-14 13:30:00,186.535,187.91,186.485,187.39,15980475.0
2024-05-15 09:30:00,187.98,190.64999,187.38,190.37,37296345.0
2024-05-15 13:30:00,190.38,190.55,189.5,189.74001,20246251.0
2024-05-16 09:30:00,190.51601,191.095001,189.72501,190.0099945,28884712.0
2024-05-16 13:30:00,190.00050354,190.25999,189.6601,189.89999,13708607.0
2024-05-17 09:30:00,189.52,190.80499,189.4201,189.69,19654132.0
2024-05-17 13:30:00,189.67,190.14999,189.39999,189.92,12426582.0
2024-05-20 09:30:00,189.14999,191.91991,189.0099945,191.465,24572443.0
2024-05-20 13:30:00,191.464,191.62,190.81,191.080002,10340498.0
2024-05-21 09:30:00,191.089996,192.63499,190.9686,192.36659,21733380.0
2024-05-21 13:30:00,192.375,192.72,192.28,192.35001,12530137.0
2024-05-22 09:30:00,192.41,192.82001,191.080002,191.37,15847711.0
2024-05-22 13:30:00,191.3624,191.425,190.28,190.89999,11078092.0
2024-05-23 09:30:00,191.0,191.0,188.42999,188.64011,23184524.0
2024-05-23 13:30:00,188.64999,188.685,186.625,186.91,15565037.0
2024-05-24 09:30:00,188.82001,190.58,188.1113,190.41991,20100322.0
2024-05-24 13:30:00,190.42,190.46001,189.84,190.0,9367331.0
2024-05-28 09:30:00,191.532,192.99001,190.34,190.875,28141893.0
2024-05-28 13:30:00,190.875,190.96001,189.10001,190.10001,14901803.0
2024-05-29 09:30:00,189.61011,192.24001,189.61011,191.78999,27696962.0
2024-05-29 13:30:00,191.78011,191.96001,189.98,190.38,15562117.0
2024-05-30 09:30:00,191.0811,192.14,190.63,192.078705,23530837.0
2024-05-30 13:30:00,192.080002,192.17999,190.85001,191.28999,14121864.0
2024-05-31 09:30:00,191.31,192.56,189.92,190.57001,24736575.0
2024-05-31 13:30:00,190.57539,192.4799,190.34,192.39,18749879.0
2024-06-03 09:30:00,192.98,194.99001,192.53,193.78999,30290846.0
2024-06-03 13:30:00,193.75999,194.11,192.9101,194.089996,12464898.0
2024-06-04 09:30:00,194.72,194.92999,193.034195,194.80499,22628206.0
2024-06-04 13:30:00,194.81,195.32001,193.92999,194.36501,14452366.0
2024-06-05 09:30:00,195.42,196.89999,194.88,195.88519,28632574.0
2024-06-05 13:30:00,195.88,196.7,195.62,195.89999,15958187.0
2024-06-06 09:30:00,195.59,196.485,195.21519,195.64999,20502680.0
2024-06-06 13:30:00,195.6413,195.73,194.17999,194.48,13210152.0
2024-06-07 09:30:00,194.66,196.49001,194.14,196.36,28561160.0
2024-06-07 13:30:00,196.36,196.94,195.58,196.89999,17820765.0
2024-06-10 09:30:00,197.2,197.28169,194.83,195.425,35538179.0
2024-06-10 13:30:00,195.44,196.45,192.14999,193.13,50767004.0
2024-06-11 09:30:00,193.66,206.029999,193.64,205.039993,115316548.0
2024-06-11 13:30:00,205.029999,207.16,204.44,207.14,40900558.0
2024-06-12 09:30:00,207.75,218.12,207.42999,216.92999,115067091.0
2024-06-12 13:30:00,216.92751,220.2,212.84,213.11169,69085917.0
2024-06-13 09:30:00,214.78,216.75,211.60001,213.60001,57711025.0
2024-06-13 13:30:00,213.605,214.88,212.4001,214.13,27510821.0
2024-06-14 09:30:00,213.81,215.17,211.3,211.78,42006517.0
2024-06-14 13:30:00,211.78,212.58791,211.42,212.52,18231811.0
2024-06-17 09:30:00,213.83501,218.10001,212.72,217.82001,50403658.0
2024-06-17 13:30:00,217.83,218.94501,215.48,216.71001,29762032.0
2024-06-18 09:30:00,217.61,218.63,213.0,213.66,47461024.0
2024-06-18 13:30:00,213.66,215.10001,213.070007,214.38,20548980.0
2024-06-20 09:30:00,213.92999,214.24001,209.13,209.38,47761043.0
2024-06-20 13:30:00,209.37,210.60001,208.85001,209.56,24407065.0
2024-06-21 09:30:00,210.39,211.89,209.59,210.059998,52098966.0
2024-06-21 13:30:00,210.059998,210.98,207.11,207.11,34149810.0
2024-06-24 09:30:00,207.72,212.7,206.59,210.0050049,45043841.0
2024-06-24 13:30:00,210.0,210.089996,207.8446,208.14999,19790059.0
2024-06-25 09:30:00,209.080002,211.38,208.61,210.11501,27798314.0
2024-06-25 13:30:00,210.11501,210.6701,208.82001,209.076004,12914479.0
2024-06-26 09:30:00,211.44,214.78,210.64,213.56,35340493.0
2024-06-26 13:30:00,213.5517,214.86,212.72,213.12,17503105.0
2024-06-27 09:30:00,214.64999,215.63,212.39999,214.0,29111996.0
2024-06-27 13:30:00,213.99541,214.11,213.050003,214.10001,11841173.0
2024-06-28 09:30:00,215.80499,216.070007,213.27,213.83009,30537206.0
2024-06-28 13:30:00,213.85001,214.080002,210.3,210.61,22302752.0
2024-07-01 09:30:00,212.17999,217.5,211.965,217.255,37903470.0
2024-07-01 13:30:00,217.16499,217.17999,215.16,216.73,14837919.0
2024-07-02 09:30:00,216.14999,220.33,215.10001,219.39999,34456876.0
2024-07-02 13:30:00,219.4001,220.38,219.27,220.37,13831761.0
2024-07-03 09:30:00,220.42999,221.55,219.029999,221.55,37198497.0
2024-07-05 09:30:00,221.64999,225.44,221.64999,225.35001,33735951.0
2024-07-05 13:30:00,225.355,226.45,224.98,226.31,16247324.0
2024-07-08 09:30:00,227.089996,227.35001,223.25,226.5999,34789994.0
2024-07-08 13:30:00,226.58,227.84,226.39,227.8,15416038.0
2024-07-09 09:30:00,228.185,229.395,226.3721,228.0099945,30106832.0
2024-07-09 13:30:00,228.0,228.78,227.85001,228.7,11311525.0
2024-07-10 09:30:00,229.44,232.74001,229.25,231.56,37722535.0
2024-07-10 13:30:00,231.57001,233.080002,231.52,232.91,15712296.0
2024-07-11 09:30:00,231.31171,232.39,225.77,227.98,40504974.0
2024-07-11 13:30:00,227.97,228.7,226.59,227.55,13558338.0
2024-07-12 09:30:00,229.0,232.39799,228.67999,231.9025,30842484.0
2024-07-12 13:30:00,231.89999,232.64,229.91,230.57001,13832829.0
2024-07-15 09:30:00,236.532,237.23,233.34,234.69,38036943.0
2024-07-15 13:30:00,234.6595,235.070007,233.089996,234.42,13719727.0
2024-07-16 09:30:00,235.205,236.27,232.33,233.545,26720810.0
2024-07-16 13:30:00,233.53999,234.98,233.41499,234.81,9254483.0
2024-07-17 09:30:00,229.48,231.4599,226.64,228.7,31837622.0
2024-07-17 13:30:00,228.67999,229.82001,228.25999,228.88499,15503887.0
2024-07-18 09:30:00,230.345,230.44,222.45,224.56,39677024.0
2024-07-18 13:30:00,224.55,225.2,223.4509,224.19,14703825.0
2024-07-19 09:30:00,224.85201,226.8,223.27499,224.46001,28782845.0
2024-07-19 13:30:00,224.42999,225.12,223.86,224.38,12345640.0
2024-07-22 09:30:00,227.27,227.78,223.089996,224.39,25002647.0
2024-07-22 13:30:00,224.37,225.63,223.78,223.92999,11771308.0
2024-07-23 09:30:00,224.39999,226.92999,222.67999,224.72,21949612.0
2024-07-23 13:30:00,224.71001,225.28,224.32001,225.0099945,9223206.0
2024-07-24 09:30:00,224.0,224.8,217.13,218.025803,31157931.0
2024-07-24 13:30:00,218.020004,218.86,217.7,218.57001,16016450.0
2024-07-25 09:30:00,219.4899,220.85001,214.62,219.42,31586563.0
2024-07-25 13:30:00,219.42999,220.48,217.33,217.49001,12741077.0
2024-07-26 09:30:00,218.85001,219.49001,216.0099945,219.3045,22780496.0
2024-07-26 13:30:00,219.30499,219.3269,217.13,218.12,11260493.0
2024-07-29 09:30:00,216.67999,219.3,215.92999,218.7,20811098.0
2024-07-29 13:30:00,218.7,219.12,217.97,218.21001,9932498.0
2024-07-30 09:30:00,219.039993,220.325,216.12,217.25,20714770.0
2024-07-30 13:30:00,217.24001,219.92,216.96001,218.78999,12141286.0
2024-07-31 09:30:00,221.53,223.82001,220.64,222.60001,22705879.0
2024-07-31 13:30:00,222.595,223.37,221.285,221.99001,14079318.0
2024-08-01 09:30:00,224.37,224.4505,217.63,218.14999,25754769.0
2024-08-01 13:30:00,218.16,219.14,217.020004,218.28,19858640.0
2024-08-02 09:30:00,219.14999,225.60001,217.71001,224.64,60441959.0
2024-08-02 13:30:00,224.63,225.0050049,219.059998,219.8,25119384.0
2024-08-05 09:30:00,199.14,213.47,196.21001,210.81,71723341.0
2024-08-05 13:30:00,210.78999,211.89,203.92,209.19,33043447.0
2024-08-06 09:30:00,205.39,209.98,201.070007,208.99001,42419413.0
2024-08-06 13:30:00,209.0099945,209.95,206.39999,207.125,16622170.0
2024-08-07 09:30:00,206.89,213.64,206.41,211.039993,32355240.0
2024-08-07 13:30:00,211.039993,211.49001,208.48,209.86,16468272.0
2024-08-08 09:30:00,213.095001,213.99001,208.83,213.8976,23956411.0
2024-08-08 13:30:00,213.89999,214.2,211.88,213.34,12470714.0
2024-08-09 09:30:00,212.080002,216.53999,211.98,216.535,20420215.0
2024-08-09 13:30:00,216.53999,216.78,214.89999,216.3,12996376.0
2024-08-12 09:30:00,216.0,219.5099,215.60001,217.2477,21780796.0
2024-08-12 13:30:00,217.25,217.63,216.48,217.55,8766377.0
2024-08-13 09:30:00,219.105,221.8,219.0099945,221.69,22699607.0
2024-08-13 13:30:00,221.69,221.89,220.42,221.27,9442210.0
2024-08-14 09:30:00,220.565,223.029999,219.7,221.175,22515577.0
2024-08-14 13:30:00,221.16,222.35001,220.81,221.62,10202420.0
2024-08-15 09:30:00,224.55,225.34,222.75999,224.545,21954939.0
2024-08-15 13:30:00,224.56,225.33,223.845,224.71001,11404474.0
2024-08-16 09:30:00,223.92,226.8271,223.6501,226.55,25975672.0
2024-08-16 13:30:00,226.55,226.67,225.53999,226.10001,8640352.0
2024-08-19 09:30:00,225.69501,225.69501,223.039993,224.024994,19892597.0
2024-08-19 13:30:00,224.029999,225.97,223.8,225.89999,11238621.0
2024-08-20 09:30:00,225.77,227.17,225.45,226.71001,15963972.0
2024-08-20 13:30:00,226.7,227.11,226.19,226.49001,6872031.0
2024-08-21 09:30:00,226.49001,227.98,225.63499,226.00010681,17748626.0
2024-08-21 13:30:00,226.0099945,226.58,225.19099,226.39999,9385106.0
2024-08-22 09:30:00,227.60001,228.34,224.9201,225.645,18626219.0
2024-08-22 13:30:00,225.63,225.82001,223.89999,224.53,11478468.0
2024-08-23 09:30:00,225.65891,228.22,224.34,225.965,19920370.0
2024-08-23 13:30:00,225.97,227.1669,225.95,226.77361,8612403.0
2024-08-26 09:30:00,227.21001,227.21001,223.8905,226.12,15609605.0
2024-08-26 13:30:00,226.13,227.28,225.44299,227.25999,8239550.0
2024-08-27 09:30:00,226.2101,228.81,224.89,228.49001,18194651.0
2024-08-27 13:30:00,228.5,228.664,227.75,228.14,7226102.0
2024-08-28 09:30:00,228.050003,229.85001,226.25999,227.47,22801193.0
2024-08-28 13:30:00,227.47,227.64,225.6801,226.49001,9102361.0
2024-08-29 09:30:00,230.28,232.89,228.88,232.13,31006861.0
2024-08-29 13:30:00,232.14,232.5,229.33,229.81,14199977.0
2024-08-30 09:30:00,230.0,230.39999,227.48,228.14999,19869988.0
2024-08-30 13:30:00,228.13499,229.85001,227.66,228.86,12669590.0
2024-09-03 09:30:00,228.61,229.0,223.27,223.8315,23195081.0
2024-09-03 13:30:00,223.8252,223.92,221.17,222.75,15229247.0
2024-09-04 09:30:00,221.66,221.755,217.48,220.12,26174903.0
2024-09-04 13:30:00,220.1046,221.4301,220.070007,220.78999,11118588.0
2024-09-05 09:30:00,222.5,225.48,221.89,222.39,20912466.0
2024-09-05 13:30:00,222.39771,223.89999,221.8101,222.39999,8761689.0
2024-09-06 09:30:00,224.0,225.24001,220.46001,220.98,24301970.0
2024-09-06 13:30:00,220.95,221.55,219.77,220.91,11523150.0
2024-09-09 09:30:00,220.89999,221.0,217.050003,220.84,29388878.0
2024-09-09 13:30:00,220.838,221.036499,216.72,220.99001,28965089.0
2024-09-10 09:30:00,219.59,220.64999,216.73,220.27,28419920.0
2024-09-10 13:30:00,220.27,221.48,219.67999,220.17,13984626.0
2024-09-11 09:30:00,221.0,222.75,217.96899,221.2097,21264814.0
2024-09-11 13:30:00,221.22,223.0,220.84,222.86,13312621.0
2024-09-12 09:30:00,222.0,223.067505,219.82001,222.62,17303778.0
2024-09-12 13:30:00,222.60001,223.53999,222.16,222.87,12004895.0
2024-09-13 09:30:00,223.0,224.029999,221.91,223.5838,19234119.0
2024-09-13 13:30:00,223.58,224.020004,222.31,222.46001,10522601.0
2024-09-16 09:30:00,216.47,217.2,213.92,215.965,38153045.0
2024-09-16 13:30:00,215.96001,216.7,215.75,216.3,12983281.0
2024-09-17 09:30:00,215.5,216.89999,214.5,216.17,26117143.0
2024-09-17 13:30:00,216.16,216.85001,215.059998,216.85001,11866272.0
2024-09-18 09:30:00,218.25,221.61,218.1722,221.2101,29270290.0
2024-09-18 13:30:00,221.22,222.7,218.92999,220.69,20973943.0
2024-09-19 09:30:00,225.0,229.74001,224.64,229.1701,36915014.0
2024-09-19 13:30:00,229.1769,229.59,228.28999,228.82001,16602473.0
2024-09-20 09:30:00,230.13,231.92,229.2,230.75,58749485.0
2024-09-20 13:30:00,230.74001,233.089996,227.62,228.53,43959554.0
2024-09-23 09:30:00,227.34,229.45,225.86,226.74001,26704153.0
2024-09-23 13:30:00,226.74899,227.17999,225.81,226.45,10944558.0
2024-09-24 09:30:00,228.645,229.35001,225.74001,227.24001,16775731.0
2024-09-24 13:30:00,227.2422,227.5,226.37,227.36,8611854.0
2024-09-25 09:30:00,225.25,227.28999,224.61,225.36,18129475.0
2024-09-25 13:30:00,225.35001,226.44,224.029999,226.31,11353989.0
2024-09-26 09:30:00,227.0,228.5,225.89,227.155,18327783.0
2024-09-26 13:30:00,227.155,227.86501,226.97099,227.62,8592758.0
2024-09-27 09:30:00,229.0,229.52,227.3,227.995,16400022.0
2024-09-27 13:30:00,227.99001,228.52,227.53,227.82001,7877006.0
2024-09-30 09:30:00,231.0,232.5383,230.31,231.645,22825602.0
2024-09-30 13:30:00,231.64999,233.0,230.55,233.0,15569182.0
2024-10-01 09:30:00,228.5,228.77,223.74001,223.92999,35896695.0
2024-10-01 13:30:00,223.92999,226.34,223.84,226.25999,13362428.0
2024-10-02 09:30:00,225.89,227.050003,223.029999,226.9599,20102596.0
2024-10-02 13:30:00,226.94,227.37,226.35001,226.81,7317674.0
2024-10-03 09:30:00,225.24001,226.8,223.3239,223.83501,17144565.0
2024-10-03 13:30:00,223.84,225.84,223.50011,225.67,10001707.0
2024-10-04 09:30:00,227.89,228.0,224.14,225.1001,17618916.0
2024-10-04 13:30:00,225.12,226.98,224.55,226.78,10351802.0
2024-10-07 09:30:00,224.46001,225.69,223.81,223.81,16208892.0
2024-10-07 13:30:00,223.78011,224.059998,221.33501,221.72,11568824.0
2024-10-08 09:30:00,224.31,225.96001,223.25,224.74001,16922216.0
2024-10-08 13:30:00,224.74001,225.97501,224.66,225.78,7948038.0
2024-10-09 09:30:00,225.5,229.039902,224.83,228.86,16773642.0
2024-10-09 13:30:00,228.84,229.75,228.029999,229.50999,9304875.0
2024-10-10 09:30:00,227.78,229.23,227.17,228.5,13634131.0
2024-10-10 13:30:00,228.49001,229.5,228.039993,229.029999,6801094.0
2024-10-11 09:30:00,228.295,229.19,227.34,227.84,14801584.0
2024-10-11 13:30:00,227.825,228.97,227.5,227.52,9139351.0
2024-10-14 09:30:00,228.7,231.31,228.60001,230.42999,16292733.0
2024-10-14 13:30:00,230.41,231.7278,230.059998,231.3,10355772.0
2024-10-15 09:30:00,233.59,237.49001,232.37,234.020004,37877453.0
2024-10-15 13:30:00,233.964,234.47,232.81,233.8,12652380.0
2024-10-16 09:30:00,231.62,232.12,229.85001,230.9099,20154662.0
2024-10-16 13:30:00,230.9099,231.92999,230.58,231.75,7626833.0
2024-10-17 09:30:00,233.44,233.85001,230.53,232.38741,15059535.0
2024-10-17 13:30:00,232.39999,232.58,231.27499,232.25999,8774408.0
2024-10-18 09:30:00,235.88,236.050003,234.020004,235.24001,29145160.0
2024-10-18 13:30:00,235.24001,235.75,234.8,234.98,8203009.0
2024-10-21 09:30:00,234.45,236.61501,234.45,236.3701,19317316.0
2024-10-21 13:30:00,236.38,236.85001,235.8275,236.58,7670544.0
2024-10-22 09:30:00,233.22,235.039993,232.61,234.85001,19364079.0
2024-10-22 13:30:00,234.85001,236.19,234.845,235.86,8525573.0
2024-10-23 09:30:00,234.32001,235.144,228.92999,230.054993,29169553.0
2024-10-23 13:30:00,230.020004,230.86,227.75999,230.75,13018968.0
2024-10-24 09:30:00,229.91701,230.82001,228.41,230.27,16600582.0
2024-10-24 13:30:00,230.28,230.81,230.039993,230.57001,6663902.0
2024-10-25 09:30:00,229.74001,233.2,229.57001,231.8575,18616055.0
2024-10-25 13:30:00,231.83,232.2,231.070007,231.39999,9158660.0
2024-10-28 09:30:00,233.315,234.73,232.55,234.42999,16987133.0
2024-10-28 13:30:00,234.425,234.645,233.11,233.49001,7782381.0
2024-10-29 09:30:00,233.19501,234.21001,232.32001,233.89,14552370.0
2024-10-29 13:30:00,233.92,234.32001,233.53999,233.75,8796015.0
2024-10-30 09:30:00,232.62,233.2299,230.23,230.2411,19824742.0
2024-10-30 13:30:00,230.245,231.0,229.56,230.14,13382161.0
2024-10-31 09:30:00,229.23,229.83,226.41,227.86011,21964796.0
2024-10-31 13:30:00,227.86,227.96629,225.39,225.39,15926441.0
2024-11-01 09:30:00,220.97,225.34,220.28,223.34,41403582.0
2024-11-01 13:30:00,223.34019,223.36,222.070007,222.85001,12736551.0
2024-11-04 09:30:00,221.011993,222.62,219.71001,222.020493,21983347.0
2024-11-04 13:30:00,222.020004,222.78999,221.52,222.12,8956742.0
2024-11-05 09:30:00,221.795,223.94501,221.795,222.62,14729712.0
2024-11-05 13:30:00,222.63,223.53,222.40021,223.45,7422744.0
2024-11-06 09:30:00,221.215,226.065002,221.19,224.1877,29052725.0
2024-11-06 13:30:00,224.185,224.33,222.5,222.7,12833703.0
2024-11-07 09:30:00,224.625,227.49001,224.57001,227.1033,19989450.0
2024-11-07 13:30:00,227.10001,227.87,226.745,227.69,11323842.0
2024-11-08 09:30:00,227.14,228.66,226.4084,226.995,16203354.0
2024-11-08 13:30:00,227.0,227.72,226.72,227.16,12882032.0
2024-11-11 09:30:00,225.054993,225.7,221.5,222.46001,24513664.0
2024-11-11 13:30:00,222.44991,224.35001,222.36,224.25,9289365.0
2024-11-12 09:30:00,224.63,225.59,223.355,224.47,18209297.0
2024-11-12 13:30:00,224.45,224.82001,223.9404,224.24001,10252082.0
2024-11-13 09:30:00,223.95,226.64999,222.75999,226.3638,20963373.0
2024-11-13 13:30:00,226.36,226.42999,224.47,225.070007,11109819.0
2024-11-14 09:30:00,225.070007,228.64,225.050003,228.47279,19380523.0
2024-11-14 13:30:00,228.47009,228.87,226.99001,228.19,12813520.0
2024-11-15 09:30:00,225.92,226.92,224.27,224.735,23861942.0
2024-11-15 13:30:00,224.7,225.31,224.3,224.92,10456000.0
2024-11-18 09:30:00,225.2,229.74001,225.17999,228.96719,18856688.0
2024-11-18 13:30:00,228.96001,229.498,227.32001,227.99001,9522271.0
2024-11-19 09:30:00,226.795,230.16,226.66,229.58,16425327.0
2024-11-19 13:30:00,229.5345,229.99001,227.72,228.34,9077610.0
2024-11-20 09:30:00,228.105,229.92999,225.89,226.81329,15523364.0
2024-11-20 13:30:00,226.78999,229.0,226.395,229.0,8044854.0
2024-11-21 09:30:00,228.78999,230.14999,225.7103,229.84,21067336.0
2024-11-21 13:30:00,229.85001,229.9337,228.27,228.50999,10006318.0
2024-11-22 09:30:00,228.059998,230.71989,228.059998,230.17999,17500473.0
2024-11-22 13:30:00,230.16499,230.39,228.92999,229.75999,10050171.0
2024-11-25 09:30:00,231.84,233.185,229.74001,230.41499,20275952.0
2024-11-25 13:30:00,230.425,233.17,229.845,232.88,16154630.0
2024-11-26 09:30:00,234.089996,235.57001,233.47501,234.50999,24449875.0
2024-11-26 13:30:00,234.50999,235.28,234.44501,235.080002,11212021.0
2024-11-27 09:30:00,234.465,235.69,233.8101,234.78011,16039059.0
2024-11-27 13:30:00,234.78,235.25,234.58501,234.99001,6648254.0
2024-11-29 09:30:00,234.84,237.81,233.97,237.33,28323856.0
2024-11-29 13:30:00,237.33,237.33,237.33,237.33,100855.0
2024-12-02 09:30:00,237.27,240.78999,237.16,239.44,23561242.0
2024-12-02 13:30:00,239.42,239.94,239.029999,239.60001,8728561.0
2024-12-03 09:30:00,239.92,241.69991,238.9003,241.42,17820880.0
2024-12-03 13:30:00,241.42,242.755,241.345,242.63,10290473.0
2024-12-04 09:30:00,242.88,244.105,241.25,242.2587,21259443.0
2024-12-04 13:30:00,242.24001,243.53999,241.92999,243.020004,9545639.0
2024-12-05 09:30:00,244.050003,244.53999,242.23,242.88499,19122658.0
2024-12-05 13:30:00,242.89,243.69,242.13,243.080002,10085421.0
2024-12-06 09:30:00,242.87,244.63,242.080002,243.2641,15930072.0
2024-12-06 13:30:00,243.25999,243.64,242.2,242.86,10551439.0
2024-12-09 09:30:00,241.83,247.24001,241.75999,246.9054,21614380.0
2024-12-09 13:30:00,246.89,247.089996,245.89999,246.81,9992131.0
2024-12-10 09:30:00,246.95,247.78709,245.342,247.4066,16643745.0
2024-12-10 13:30:00,247.405,248.21001,247.35001,247.8,10072558.0
2024-12-11 09:30:00,247.94501,250.8,247.64999,249.10001,19780212.0
2024-12-11 13:30:00,249.089996,249.16499,246.2601,246.42999,11809905.0
2024-12-12 09:30:00,246.94501,248.74001,245.67999,248.53,16627181.0
2024-12-12 13:30:00,248.52,248.74001,247.45,247.95,6576082.0
2024-12-13 09:30:00,247.88,249.29021,246.24001,247.19,10170548.0
2024-12-13 13:30:00,247.175,248.29871,247.1601,248.13,5370358.0
2024-12-16 09:30:00,248.0,251.37891,247.64999,251.11,18886653.0
2024-12-16 13:30:00,251.089996,251.24719,249.95,251.039993,9982503.0
2024-12-17 09:30:00,250.13499,253.35001,249.78999,253.13,19175367.0
2024-12-17 13:30:00,253.14,253.81,252.64999,253.48,12744333.0
2024-12-18 09:30:00,252.22,254.039993,251.33,253.7101,17603695.0
2024-12-18 13:30:00,253.7,254.28,247.75,247.86,21188097.0
2024-12-19 09:30:00,247.46001,251.85001,247.095001,250.83,26739660.0
2024-12-19 13:30:00,250.815,251.45,249.4093,249.85001,9383784.0
2024-12-20 09:30:00,248.12,253.92999,246.3,252.87,37352049.0
2024-12-20 13:30:00,252.91,255.0,252.67999,254.59,17039465.0
2024-12-23 09:30:00,254.77,255.645,253.45,253.92,17790368.0
2024-12-23 13:30:00,253.92,255.64999,253.67999,255.31,9375898.0
2024-12-24 09:30:00,255.37,258.20001,255.36,258.20001,22592432.0
2024-12-24 13:30:00,258.20001,258.20001,258.20001,258.20001,0.0
2024-12-26 09:30:00,258.35501,260.089996,257.63,258.81891,14769345.0
2024-12-26 13:30:00,258.81,259.51001,258.41,259.10001,6517208.0
2024-12-27 09:30:00,257.89999,258.70001,253.059998,254.95,20665362.0
2024-12-27 13:30:00,254.94,255.82001,254.86,255.72,10206131.0
2024-12-30 09:30:00,252.23,253.47,250.75,252.82001,11330823.0
2024-12-30 13:30:00,252.80499,253.49989,252.039993,252.12,11421723.0
2024-12-31 09:30:00,252.66,253.28,249.44,249.69,13367901.0
2024-12-31 13:30:00,249.69,251.080002,249.5,250.38,12811686.0
2025-01-02 09:30:00,248.92999,249.10001,242.31,242.6862,31182453.0
2025-01-02 13:30:00,242.67,243.95,241.8201,243.82001,16822352.0
2025-01-03 09:30:00,243.37,244.17999,241.89,243.0099945,21091257.0
2025-01-03 13:30:00,243.0,243.60001,242.57001,243.3,10537358.0
2025-01-06 09:30:00,244.33,247.33,243.84,245.029999,22008569.0
2025-01-06 13:30:00,245.029999,245.34,244.42,245.0,8144974.0
2025-01-07 09:30:00,242.98,245.55,241.36,243.1555,16510199.0
2025-01-07 13:30:00,243.14999,243.17999,241.539,242.19,6587306.0
2025-01-08 09:30:00,241.97,243.7123,240.050003,242.35001,16947584.0
2025-01-08 13:30:00,242.35001,242.987,241.044006,242.72,8786878.0
2025-01-10 09:30:00,240.024994,240.14999,233.0,237.11501,32708093.0
2025-01-10 13:30:00,237.12,237.58501,235.75,236.92999,11855612.0
2025-01-13 09:30:00,233.5,233.59,229.72,233.38,25756307.0
2025-01-13 13:30:00,233.38,234.67,233.25999,234.39999,10549315.0
2025-01-14 09:30:00,234.75,236.12,232.64999,234.020203,15971744.0
2025-01-14 13:30:00,234.039993,234.92,232.472,233.28,10920324.0
2025-01-15 09:30:00,234.64,238.53999,234.42999,237.53,17478093.0
2025-01-15 13:30:00,237.52,238.47,237.25999,237.85001,9374725.0
2025-01-16 09:30:00,237.49001,238.0099945,229.070007,229.19,36147574.0
2025-01-16 13:30:00,229.185,230.068604,228.029999,228.24001,21744251.0
2025-01-17 09:30:00,232.11501,232.28999,229.49001,229.91,41622147.0
2025-01-17 13:30:00,229.9102,230.020004,228.48,229.99001,14835447.0
2025-01-21 09:30:00,224.0,224.42,219.38,220.405,48089739.0
2025-01-21 13:30:00,220.40469,222.78,220.31,222.66,14229203.0
2025-01-22 09:30:00,219.94,223.3528,219.8,222.11571,32090771.0
2025-01-22 13:30:00,222.13,223.98,221.91,223.77,14018653.0
2025-01-23 09:30:00,224.73,227.029999,223.19,223.55,31332926.0
2025-01-23 13:30:00,223.56,223.64999,222.3,223.64999,15375781.0
2025-01-24 09:30:00,224.97501,225.63,221.95,222.16,40005671.0
2025-01-24 13:30:00,222.19,223.044998,221.41,222.78999,28607040.0
2025-01-27 09:30:00,224.029999,231.38,224.0,231.32001,47782322.0
2025-01-27 13:30:00,231.3,232.14999,228.48,229.94,27368723.0
2025-01-28 09:30:00,230.85,240.19,230.85,238.71,1610244.0
2025-01-28 13:30:00,238.76,239.48,237.77,238.23,659329.0
2025-01-29 09:30:00,234.14999,238.0,234.0099945,237.42999,24426144.0
2025-01-29 13:30:00,237.45,239.855,236.31,239.35001,12716669.0
2025-01-30 09:30:00,238.66499,240.78999,237.21001,238.45,20930820.0
2025-01-30 13:30:00,238.44,240.050003,237.24001,237.56,14995413.0
2025-01-31 09:30:00,247.039993,247.19,236.22,236.425,51549200.0
2025-01-31 13:30:00,236.42999,236.86,233.44,235.86,23705742.0
2025-02-03 09:30:00,229.44,231.83,225.71001,226.89999,43571641.0
2025-02-03 13:30:00,226.91,229.21001,226.89,227.98,15431449.0
2025-02-04 09:30:00,227.2,232.78999,226.64999,232.22,25306905.0
2025-02-04 13:30:00,232.22569,233.13,231.38,232.78999,9122098.0
2025-02-05 09:30:00,229.39529,231.28,228.3,229.91,18691350.0
2025-02-05 13:30:00,229.89999,232.67,229.71001,232.46001,9360161.0
2025-02-06 09:30:00,231.34,233.8,230.425,232.19,15128263.0
2025-02-06 13:30:00,232.19,233.28,231.895,233.22,7135758.0
2025-02-07 09:30:00,232.515,234.0,228.19501,229.2989,21129931.0
2025-02-07 13:30:00,229.28999,229.5,227.25999,227.71001,10598696.0
2025-02-10 09:30:00,229.57001,230.58501,228.2392,228.47,15054096.0
2025-02-10 13:30:00,228.485,229.035004,227.2,227.64,8204415.0
2025-02-11 09:30:00,228.2,235.23,228.13,233.545,32279482.0
2025-02-11 13:30:00,233.72,234.1899,232.17,232.77,11142858.0
2025-02-12 09:30:00,231.27499,235.89,230.67999,235.48,23177458.0
2025-02-12 13:30:00,235.47321,236.96001,235.32001,236.89,10872767.0
2025-02-13 09:30:00,238.42,241.61,235.57001,241.029999,25770400.0
2025-02-13 13:30:00,241.039993,242.3399,240.53,241.52,11725124.0
2025-02-14 09:30:00,241.070007,245.050003,241.0,243.99989,22958595.0
2025-02-14 13:30:00,243.98,245.41,243.91,244.57001,9289029.0
2025-02-18 09:30:00,243.91,245.17999,242.86011,243.435,19712943.0
2025-02-18 13:30:00,243.42999,244.60001,241.84,244.47,11199105.0
2025-02-19 09:30:00,244.61,246.0099945,243.1604,244.71001,17123308.0
2025-02-19 13:30:00,244.715,245.1899,244.22,244.88,7664962.0
2025-02-20 09:30:00,244.97,246.78,244.28999,245.44501,17712694.0
2025-02-20 13:30:00,245.44,246.0,244.85001,245.86,7283085.0
2025-02-21 09:30:00,245.965,248.69,245.22,247.44119,25213398.0
2025-02-21 13:30:00,247.4451,248.076706,245.33,245.59,18412021.0
2025-02-24 09:30:00,244.808,248.86,244.59,248.050003,26201499.0
2025-02-24 13:30:00,248.050003,248.8,246.82001,247.23,12998713.0
2025-02-25 09:30:00,248.0,249.98,244.91,247.98,27372384.0
2025-02-25 13:30:00,247.97,248.62,246.044998,247.050003,10935901.0
2025-02-26 09:30:00,244.33,244.98,240.24001,240.3403,24038903.0
2025-02-26 13:30:00,240.34,240.71001,239.13,240.31,11323580.0
2025-02-27 09:30:00,239.345,242.46001,238.47,241.89999,19783048.0
2025-02-27 13:30:00,241.92999,242.050003,237.10001,237.38,12770085.0
2025-02-28 09:30:00,236.95,237.89999,234.50999,237.41,19827769.0
2025-02-28 13:30:00,237.405,242.089996,237.0099945,241.84,15336837.0
2025-03-03 09:30:00,241.722,244.027206,239.825,240.965,19718985.0
2025-03-03 13:30:00,241.020004,242.0,236.112,238.14,15334309.0
2025-03-04 09:30:00,237.705,240.070007,236.16,236.75,27909949.0
2025-03-04 13:30:00,236.75,239.24989,234.7,236.070007,14108727.0
2025-03-05 09:30:00,235.495,235.95,229.23,234.67999,25872381.0
2025-03-05 13:30:00,234.6653,236.55,234.10001,235.77,9804833.0
2025-03-06 09:30:00,234.435,237.86,233.53999,234.295,21198662.0
2025-03-06 13:30:00,234.30499,236.0099945,233.33,235.32001,14061357.0
2025-03-07 09:30:00,235.105,241.37,234.835,240.4144,27540901.0
2025-03-07 13:30:00,240.425,240.91,237.94,239.070007,12186293.0
2025-03-10 09:30:00,235.48,236.16,224.22,225.21001,39259383.0
2025-03-10 13:30:00,225.24001,228.64999,224.4209,227.541,20528171.0
2025-03-11 09:30:00,223.8,225.8399,217.45,217.755,41202666.0
2025-03-11 13:30:00,217.73,223.28,217.67999,220.73,20089047.0
2025-03-12 09:30:00,220.17999,221.75,214.91,218.1898,34828084.0
2025-03-12 13:30:00,218.13,218.22,215.050003,216.94,18704890.0
2025-03-13 09:30:00,215.94,216.8394,210.69,211.155,31789129.0
2025-03-13 13:30:00,211.14,212.47,208.42,209.71001,20440435.0
2025-03-14 09:30:00,211.25,213.94,209.58,212.315,31237027.0
2025-03-14 13:30:00,212.3026,213.89999,210.75999,213.38,17013798.0
2025-03-17 09:30:00,213.36,214.97,209.98,212.33031,23001055.0
2025-03-17 13:30:00,212.355,215.22,212.28,214.19,14681094.0
2025-03-18 09:30:00,214.14,215.14999,211.49001,212.2834,22393383.0
2025-03-18 13:30:00,212.3,213.25999,211.5598,212.78999,10837750.0
2025-03-19 09:30:00,214.22,218.75999,213.9101,214.38,22591191.0
2025-03-19 13:30:00,214.392,217.059006,213.75,215.3,16138018.0
2025-03-20 09:30:00,213.99001,217.4899,212.89999,213.23,21678170.0
2025-03-20 13:30:00,213.25999,214.75999,212.22,214.14999,13064111.0
2025-03-21 09:30:00,211.515,215.48,211.47,214.62,36302328.0
2025-03-21 13:30:00,214.61,218.84,214.2601,218.36,17429278.0
2025-03-24 09:30:00,221.0,221.020996,218.58,219.28999,20335065.0
2025-03-24 13:30:00,219.32001,221.0099945,219.089996,220.42999,12671305.0
2025-03-25 09:30:00,220.77,223.895,220.085,222.83,1006434.0
2025-03-25 13:30:00,222.835,224.1,222.615,223.76,549852.0
2025-03-26 09:30:00,223.50999,225.020004,221.63,222.080002,17551486.0
2025-03-26 13:30:00,222.080002,222.22,220.47,221.39999,9414280.0
2025-03-27 09:30:00,221.33,223.98,220.5601,223.105,15669359.0
2025-03-27 13:30:00,223.080002,224.99001,223.050003,223.92999,12389950.0
2025-03-28 09:30:00,221.649,223.8,218.21001,218.49001,19853817.0
2025-03-28 13:30:00,218.5,219.1665,217.67999,217.88,10814773.0
2025-03-31 09:30:00,217.22,221.020004,216.24001,219.87,25300707.0
2025-03-31 13:30:00,219.85001,224.97,219.2417,221.995,18424727.0
2025-04-01 09:30:00,219.80499,223.42999,218.89999,222.3385,18869329.0
2025-04-01 13:30:00,222.3,223.49001,221.14999,223.14,8937909.0
2025-04-02 09:30:00,221.19,225.19,221.050003,224.72,15999713.0
2025-04-02 13:30:00,224.72,224.81,222.8614,223.78999,9153844.0
2025-04-03 09:30:00,205.52,207.4899,202.52,204.0050049,58540592.0
2025-04-03 13:30:00,203.99001,204.6051,201.25,203.059998,30285189.0
2025-04-04 09:30:00,196.17,199.88,190.89999,190.99001,69447800.0
2025-04-04 13:30:00,190.98,192.57001,187.345,188.38,40324524.0
2025-04-07 09:30:00,177.24001,194.14,174.62,181.53999,106133766.0
2025-04-07 13:30:00,181.55499,183.89,178.28011,181.59,36204269.0
2025-04-08 09:30:00,186.73,190.33501,175.0,175.029999,60697282.0
2025-04-08 13:30:00,175.020004,178.60989,169.2101,172.77,42760432.0
2025-04-09 09:30:00,172.179,194.49001,171.89,188.52499,79043153.0
2025-04-09 13:30:00,188.50999,200.61,183.87,198.85001,78573351.0
2025-04-10 09:30:00,189.16499,194.77991,183.0,188.0099945,66458042.0
2025-04-10 13:30:00,187.97,192.8,186.0,190.44,35000383.0
2025-04-11 09:30:00,186.17999,199.35001,186.059998,196.8307,49549544.0
2025-04-11 13:30:00,196.85249,199.53999,196.037903,198.020004,24053252.0
2025-04-14 09:30:00,211.44,212.94,201.16209,203.864,70505692.0
2025-04-14 13:30:00,203.88499,206.66,202.32001,202.59,21481155.0
2025-04-15 09:30:00,201.855,203.505,199.82001,201.6044,27180278.0
2025-04-15 13:30:00,201.58501,203.28999,201.30499,202.13,12503721.0
2025-04-16 09:30:00,198.36,200.7,196.020004,197.75999,28030775.0
2025-04-16 13:30:00,197.75999,197.81,192.37,194.3,20803034.0
2025-04-17 09:30:00,197.14999,198.57001,194.42,196.7,28487047.0
2025-04-17 13:30:00,196.71001,198.8335,195.82001,196.87,13227008.0
2025-04-21 09:30:00,193.265,193.8,189.8112,190.614,21143958.0
2025-04-21 13:30:00,190.59,193.42,190.2,193.089996,11656560.0
2025-04-22 09:30:00,196.070007,201.55,196.0,198.53999,26740968.0
2025-04-22 13:30:00,198.5162,200.5,198.0,199.66,16391420.0
2025-04-23 09:30:00,206.0,208.0,202.799,204.95,31569461.0
2025-04-23 13:30:00,205.0,205.75,203.61,204.36,12067466.0
2025-04-24 09:30:00,204.88499,207.029999,202.94,206.905,19704429.0
2025-04-24 13:30:00,206.92,208.8299,206.55,208.2,12310157.0
2025-04-25 09:30:00,206.42999,209.41,206.2,209.37019,19838162.0
2025-04-25 13:30:00,209.39,209.42999,207.37,209.23,9828701.0
2025-04-28 09:30:00,210.055,211.45,207.47,208.16,741326.0
2025-04-28 13:30:00,208.07,211.48,208.07,210.1,511623.0
2025-04-29 09:30:00,208.69299,212.24001,208.37,210.36,17641053.0
2025-04-29 13:30:00,210.37,211.9606,210.22,211.24001,8208600.0
2025-04-30 09:30:00,209.3,211.36,206.6705,211.080002,16755994.0
2025-04-30 13:30:00,211.070007,213.53999,210.050003,212.49001,13395825.0
2025-05-01 09:30:00,209.0099945,214.22,208.89999,212.50999,25393103.0
2025-05-01 13:30:00,212.50999,214.55,212.065002,212.83,13904647.0
2025-05-02 09:30:00,206.089996,206.99001,202.16,204.69901,56380979.0
2025-05-02 13:30:00,204.7,205.83,203.66,205.3,25959801.0
2025-05-05 09:30:00,203.125,204.10001,198.21001,200.41,36766702.0
2025-05-05 13:30:00,200.41,201.16,198.5197,198.77,16029771.0
2025-05-06 09:30:00,198.125,200.649,197.020004,199.425,29509219.0
2025-05-06 13:30:00,199.45,200.17,198.38,198.41,10782022.0
2025-05-07 09:30:00,199.19501,199.44,193.25,195.3,33150770.0
2025-05-07 13:30:00,195.32001,197.46989,193.3,196.25,16299504.0
2025-05-08 09:30:00,197.74001,200.049805,194.6796,199.14,25879436.0
2025-05-08 13:30:00,199.14,199.688,197.164,197.39999,12301836.0
2025-05-09 09:30:00,199.0050049,200.5399,197.535,198.14,20482489.0
2025-05-09 13:30:00,198.145,199.42999,197.91,198.53999,8889863.0
2025-05-12 09:30:00,210.97,211.26649,206.75,209.935,38379254.0
2025-05-12 13:30:00,209.94,211.14999,209.92,210.83,15375592.0
2025-05-13 09:30:00,210.42999,211.94,209.080002,211.71001,27580538.0
2025-05-13 13:30:00,211.71001,213.39999,211.7099,212.84,13481416.0
2025-05-14 09:30:00,212.425,213.94,210.58009,210.96001,24367256.0
2025-05-14 13:30:00,210.97,212.60001,210.96001,212.41,13205113.0
2025-05-15 09:30:00,210.995,212.96001,209.53999,212.1201,22264230.0
2025-05-15 13:30:00,212.13,212.13,210.14999,211.45799,13156310.0
2025-05-16 09:30:00,212.32001,212.57001,209.77,211.11,29735931.0
2025-05-16 13:30:00,211.11,211.92999,210.73,211.19,11093541.0
2025-05-19 09:30:00,208.024994,209.48,204.25999,208.92999,26891591.0
2025-05-19 13:30:00,208.92999,209.2,207.78,208.75999,9855357.0
2025-05-20 09:30:00,208.044998,208.47,206.47,207.38,20579461.0
2025-05-20 13:30:00,207.37,207.405,205.029999,206.87,12775925.0
2025-05-21 09:30:00,205.12,207.039993,202.020004,202.10001,29191085.0
2025-05-21 13:30:00,202.089996,203.345,200.72,202.059998,20798975.0
2025-05-22 09:30:00,200.715,202.4099,199.7,201.89,26282200.0
2025-05-22 13:30:00,201.88,202.72,201.0,201.37,14329672.0
2025-05-23 09:30:00,193.66499,197.7,193.46001,196.62,48754950.0
2025-05-23 13:30:00,196.60001,196.60001,195.029999,195.34,21721071.0
2025-05-27 09:30:00,198.3,200.64999,197.42999,199.9599,31506394.0
2025-05-27 13:30:00,199.955,200.74001,199.81,200.2,14572413.0
2025-05-28 09:30:00,200.67999,202.73,199.89999,201.11,21748402.0
2025-05-28 13:30:00,201.12,201.5211,200.19501,200.42,10905727.0
2025-05-29 09:30:00,203.27,203.78,198.50999,199.97501,28320369.0
2025-05-29 13:30:00,199.96001,200.248,198.57001,199.95,14602616.0
2025-05-30 09:30:00,199.405,199.57001,196.78,198.085007,20991949.0
2025-05-30 13:30:00,198.080002,201.95,197.95,200.66,22382917.0
2025-06-02 09:30:00,201.625,202.13,200.12,200.86011,19132526.0
2025-06-02 13:30:00,200.86,201.80991,200.58009,201.8,9583187.0
2025-06-03 09:30:00,202.13499,203.74001,200.955,203.31461,23118120.0
2025-06-03 13:30:00,203.33501,203.77,202.5,203.34,10365846.0
2025-06-04 09:30:00,202.91,206.24001,202.14999,203.41499,26847157.0
2025-06-04 13:30:00,203.412,203.47,202.75999,202.88699,9267087.0
2025-06-05 09:30:00,203.595,204.75,201.27,202.6001,25166807.0
2025-06-05 13:30:00,202.60001,202.89999,200.15961,200.55,14170583.0
2025-06-06 09:30:00,202.995,205.7,202.050003,203.59,24152596.0
2025-06-06 13:30:00,203.60001,205.47,203.59,203.92999,14460310.0
2025-06-09 09:30:00,204.39999,206.0,200.020004,200.72,34463755.0
2025-06-09 13:30:00,200.71001,202.66769,200.029999,201.44,29072724.0
2025-06-10 09:30:00,200.60001,204.35001,200.57001,201.75999,28344554.0
2025-06-10 13:30:00,201.77499,203.22501,201.31,202.75,14163671.0
2025-06-11 09:30:00,203.47,204.5,199.65961,200.91,33709194.0
2025-06-11 13:30:00,200.905,200.985,198.41,198.85001,18917029.0
2025-06-12 09:30:00,198.8988,199.44,197.36011,199.25999,23933343.0
2025-06-12 13:30:00,199.25999,199.6799,198.39999,199.2,10204336.0
2025-06-13 09:30:00,199.50999,200.37,195.91,197.27,28398452.0
2025-06-13 13:30:00,197.25,197.71001,195.77,196.45,14835901.0
2025-06-16 09:30:00,197.28999,198.685,196.5636,197.875,22635534.0
2025-06-16 13:30:00,197.88499,198.49001,197.66,198.37,11490819.0
2025-06-17 09:30:00,197.25,198.3889,196.255,196.52,19271251.0
2025-06-17 13:30:00,196.50999,196.82001,195.21001,195.64,11951723.0
2025-06-18 09:30:00,195.94501,197.57001,195.070007,196.059998,17878836.0
2025-06-18 13:30:00,196.070007,197.11,195.11,196.25,16355928.0
2025-06-20 09:30:00,198.235,200.94,196.8596,198.32001,41624980.0
2025-06-20 13:30:00,198.32001,201.7,198.070007,200.94,23999970.0
2025-06-23 09:30:00,201.532,202.3,198.96001,201.439,28112228.0
2025-06-23 13:30:00,201.46001,202.24001,201.050705,201.55,14785291.0
2025-06-24 09:30:00,202.59,203.44,200.2,201.96001,28904192.0
2025-06-24 13:30:00,201.96001,202.33,200.27,200.28999,17102553.0
2025-06-25 09:30:00,201.42,203.66,201.089996,201.14,23236878.0
2025-06-25 13:30:00,201.14,201.62,200.6201,201.60001,10291433.0
2025-06-26 09:30:00,201.42999,202.61501,199.46001,200.24001,27234748.0
2025-06-26 13:30:00,200.25,201.56,199.97501,200.94,14945060.0
2025-06-27 09:30:00,201.895,203.22,200.855,202.080002,26105106.0
2025-06-27 13:30:00,202.10001,202.12,200.22,201.10001,16812475.0
2025-06-30 09:30:00,202.0099945,202.19,199.5901,200.155,26234594.0
2025-06-30 13:30:00,200.155,207.39,199.2607,205.12,44630326.0
2025-07-01 09:30:00,206.66499,210.18649,206.14011,208.089996,55704499.0
2025-07-01 13:30:00,208.088898,208.4299,207.375,207.86,14986070.0
2025-07-02 09:30:00,209.080002,213.34,208.14,210.8181,44246344.0
2025-07-02 13:30:00,210.81,212.96001,210.74001,212.41,16987788.0
2025-07-03 09:30:00,212.145,214.65,211.825,213.44,2277281.0
2025-07-07 09:30:00,212.67999,216.23,209.52,209.67039,28072238.0
2025-07-07 13:30:00,209.67,210.5,208.8,209.94,13367393.0
2025-07-08 09:30:00,210.13,211.42999,208.45,209.83501,22778866.0
2025-07-08 13:30:00,209.84,210.34,209.3,210.035004,10639396.0
2025-07-09 09:30:00,209.53,210.89999,207.22,208.9156,25943525.0
2025-07-09 13:30:00,208.91499,211.33,208.72,211.11,13932293.0
2025-07-10 09:30:00,210.505,213.48,210.12,212.62,26383004.0
2025-07-10 13:30:00,212.61,213.45,212.089996,212.42,10844139.0
2025-07-11 09:30:00,210.565,212.13,209.86,211.16499,18848467.0
2025-07-11 13:30:00,211.155,211.65981,210.62,211.074997,8910354.0
2025-07-14 09:30:00,209.909,210.91,207.53999,209.0,21448313.0
2025-07-14 13:30:00,209.013306,209.45,208.52,208.53999,9780104.0
2025-07-15 09:30:00,209.14999,211.89,208.92,210.6727,21848615.0
2025-07-15 13:30:00,210.685,211.67,208.99001,209.0099945,10572217.0
2025-07-16 09:30:00,210.28999,212.39999,208.64,210.35001,26821726.0
2025-07-16 13:30:00,210.34,210.6366,209.871,210.22,8703909.0
2025-07-17 09:30:00,210.625,211.50999,209.59,210.955,24014213.0
2025-07-17 13:30:00,210.95,211.8,209.74001,210.061005,16749033.0
2025-07-18 09:30:00,210.755,211.78999,209.7045,211.19,28520784.0
2025-07-18 13:30:00,211.17999,211.53999,210.75999,211.22,10127325.0
2025-07-21 09:30:00,212.050003,215.78,211.6409,213.67999,33465721.0
2025-07-21 13:30:00,213.66,213.71001,212.070007,212.53999,10754000.0
2025-07-22 09:30:00,213.235,214.48,212.2301,214.41119,26778740.0
2025-07-22 13:30:00,214.39999,214.645,213.44,214.39,12159251.0
2025-07-23 09:30:00,215.044998,215.10001,212.41,214.125,25085411.0
2025-07-23 13:30:00,214.12,214.69501,213.61,214.31,12082353.0
2025-07-24 09:30:00,214.059998,215.69,213.53,214.78999,25782443.0
2025-07-24 13:30:00,214.78999,215.2,213.72,213.75999,11521341.0
2025-07-25 09:30:00,214.7,215.24001,213.74001,214.17,23102190.0
2025-07-25 13:30:00,214.17039,214.50999,213.39999,213.96001,10419735.0
2025-07-28 09:30:00,214.029999,214.845,213.41499,213.645,18267254.0
2025-07-28 13:30:00,213.63499,214.050003,213.059998,214.039993,10765536.0
2025-07-29 09:30:00,214.16,214.81,210.825,212.2,26650054.0
2025-07-29 13:30:00,212.21001,212.44,211.054504,211.35001,11237451.0
2025-07-30 09:30:00,211.895,212.39,209.32001,209.7565,16837758.0
2025-07-30 13:30:00,209.75,210.1499,207.72,209.020004,13326449.0
2025-07-31 09:30:00,208.38,209.84,207.825,208.66499,27770219.0
2025-07-31 13:30:00,208.66499,209.38429,207.16,207.61,19359703.0
2025-08-01 09:30:00,210.84,213.58,201.5,201.9825,58840681.0
2025-08-01 13:30:00,201.9801,204.3212,201.6301,202.27,24127990.0
2025-08-04 09:30:00,204.505,207.88,203.86501,204.14999,33056879.0
2025-08-04 13:30:00,204.14,204.22,201.675,203.34,23927668.0
2025-08-05 09:30:00,203.435,205.34,202.16,204.035004,23818853.0
2025-08-05 13:30:00,204.050003,204.3,202.67,202.92999,9817214.0
2025-08-06 09:30:00,205.60001,214.99001,205.59,214.53999,62548609.0
2025-08-06 13:30:00,214.515,215.38,212.81,213.25,24953242.0
2025-08-07 09:30:00,218.875,220.34,213.25,218.71001,59802437.0
2025-08-07 13:30:00,218.72,220.85001,218.7101,220.13,20940157.0
2025-08-08 09:30:00,220.82001,230.91,219.25,228.675,68816247.0
2025-08-08 13:30:00,228.67,230.99001,228.46001,229.37,34953670.0
2025-08-11 09:30:00,226.75,229.56,224.76241,228.10001,35719242.0
2025-08-11 13:30:00,228.089996,228.19501,226.64,227.205,18747481.0
2025-08-12 09:30:00,228.0050049,230.78,227.10001,229.77499,32640417.0
2025-08-12 13:30:00,229.7701,230.55,228.92,229.64999,11655978.0
2025-08-13 09:30:00,231.070007,234.55,230.42999,232.455,37727700.0
2025-08-13 13:30:00,232.45,234.99001,230.8,233.33,23068547.0
2025-08-14 09:30:00,234.054993,235.11,230.85001,232.92731,30210687.0
2025-08-14 13:30:00,232.92999,233.50999,232.32001,232.83,12699940.0
2025-08-15 09:30:00,233.73,234.22141,230.23,230.57001,27017953.0
2025-08-15 13:30:00,230.56,231.77,229.36,231.64999,15402522.0
2025-08-18 09:30:00,231.78,233.12,230.11,231.070007,20020874.0
2025-08-18 13:30:00,231.080002,231.675,230.88,230.88,8999516.0
2025-08-19 09:30:00,231.27499,232.86501,230.059998,230.625,19565193.0
2025-08-19 13:30:00,230.62,230.89999,229.35001,230.53999,10680290.0
2025-08-20 09:30:00,229.97,230.46989,225.89,226.295,22281286.0
2025-08-20 13:30:00,226.3,227.0,225.77,225.96001,10590655.0
2025-08-21 09:30:00,226.28,226.52,223.7804,224.175,15975696.0
2025-08-21 13:30:00,224.17081,225.25,224.094193,224.91,9110675.0
2025-08-22 09:30:00,226.17,229.089996,225.41,228.61,21601957.0
2025-08-22 13:30:00,228.6274,228.6274,227.44,227.75,12844213.0
2025-08-25 09:30:00,226.405,229.3,226.24001,228.435,17101849.0
2025-08-25 13:30:00,228.435,228.655,227.12,227.14999,8609352.0
2025-08-26 09:30:00,226.87,228.17,224.69,228.1116,18788623.0
2025-08-26 13:30:00,228.11,229.49001,227.72501,229.3,10155845.0
2025-08-27 09:30:00,228.58,230.7,228.295,229.84,16694473.0
2025-08-27 13:30:00,229.84,230.89999,229.72,230.44,8326364.0
2025-08-28 09:30:00,230.81,233.12,229.33501,233.0,18827753.0
2025-08-28 13:30:00,233.0099945,233.41,232.48,232.49001,10699837.0
2025-08-29 09:30:00,232.56,233.3613,231.37,232.029999,19487368.0
2025-08-29 13:30:00,232.032501,232.83771,231.48,232.27,10523258.0
2025-09-02 09:30:00,229.7,230.78,227.17,228.41,20479116.0
2025-09-02 13:30:00,228.42,230.0,226.97,229.71001,10538599.0
2025-09-03 09:30:00,237.2,237.97,234.37,237.4272,41675486.0
2025-09-03 13:30:00,237.425,238.71001,236.63,238.49001,18070647.0
2025-09-04 09:30:00,238.45,239.8932,236.74001,238.039993,23989901.0
2025-09-04 13:30:00,238.0401,239.8999,237.50999,239.71001,14850591.0
2025-09-05 09:30:00,239.99001,241.32001,238.4901,239.625,32250702.0
2025-09-05 13:30:00,239.6485,240.13,238.73,239.67,12855870.0
2025-09-08 09:30:00,239.3,240.14999,236.34,237.8058,26300104.0
2025-09-08 13:30:00,237.80991,238.0099945,236.61,237.92,13052893.0
2025-09-09 09:30:00,237.0,238.7805,235.55,237.75,26143061.0
2025-09-09 13:30:00,237.75999,238.10001,233.37,234.35001,31945677.0
2025-09-10 09:30:00,232.024994,232.34,226.2401,226.80499,50463893.0
2025-09-10 13:30:00,226.8,227.35001,225.95219,226.78,20108184.0
2025-09-11 09:30:00,226.875,229.53999,226.64999,229.4725,27573186.0
2025-09-11 13:30:00,229.47,230.45,229.17999,230.020004,14176310.0
2025-09-12 09:30:00,230.0,234.50999,229.020004,233.235,32713353.0
2025-09-12 13:30:00,233.22,234.45,233.029999,234.059998,16049463.0
2025-09-15 09:30:00,237.0,238.19,235.029999,235.75999,25804922.0
2025-09-15 13:30:00,235.75,236.78999,235.27,236.75999,11256769.0
2025-09-16 09:30:00,237.0,241.22,236.3235,239.085602,25082792.0
2025-09-16 13:30:00,239.10001,239.60001,238.080093,238.14,26313889.0
2025-09-17 09:30:00,238.97,240.10001,238.78999,239.52,19992288.0
2025-09-17 13:30:00,239.52,239.82001,237.7301,238.97,14706463.0
2025-09-18 09:30:00,239.95,241.2,236.64999,237.88,23206614.0
2025-09-18 13:30:00,237.87,238.11,237.21021,237.85001,10600372.0
2025-09-19 09:30:00,241.175,245.92,240.2106,245.2438,61066786.0
2025-09-19 13:30:00,245.24001,246.3,244.74001,245.28999,30223906.0
2025-09-22 09:30:00,248.34,256.63,248.17,254.5929,69310584.0
2025-09-22 13:30:00,254.58,256.26001,253.89999,256.089996,22549028.0
2025-09-23 09:30:00,256.5,257.34,254.39999,254.67,22833667.0
2025-09-23 13:30:00,254.66,254.961,253.59,254.53,26050124.0
2025-09-24 09:30:00,255.0,255.37,251.039993,251.49001,18993225.0
2025-09-24 13:30:00,251.515,252.49001,251.24001,252.24001,14762252.0
2025-09-25 09:30:00,253.0,254.13879,251.71201,253.5,36657291.0
2025-09-25 13:30:00,253.49001,257.17001,252.85001,256.94,38166397.0
2025-09-26 09:30:00,254.0,256.97501,253.78,256.51999,16112155.0
2025-09-26 13:30:00,256.51999,257.35999,254.89999,255.46001,7764343.0
2025-09-29 09:30:00,254.0,254.5,253.0099945,253.39999,13161022.0
2025-09-29 13:30:00,253.39,254.83,253.13,254.35001,6867921.0
2025-09-30 09:30:00,255.0,255.91901,253.31171,253.735,11521509.0
2025-09-30 13:30:00,253.75999,255.17999,253.11,254.56,12964867.0
2025-10-01 09:30:00,255.25,258.79001,255.050003,256.14041,16814946.0
2025-10-01 13:30:00,256.16501,256.94,255.28,255.41,17746703.0
2025-10-02 09:30:00,256.59,258.17999,254.14999,257.41,23049199.0
2025-10-02 13:30:00,257.39001,258.16,256.88,257.14001,12190325.0
2025-10-03 09:30:00,254.66499,259.23999,253.96001,258.31,29020729.0
2025-10-03 13:30:00,258.29999,258.59,256.95999,258.015015,12977620.0
2025-10-06 09:30:00,257.94501,259.070007,255.050003,256.56,21495613.0
2025-10-06 13:30:00,256.54999,257.25,255.5,256.64999,12194002.0
2025-10-07 09:30:00,256.82001,257.39999,255.60001,255.89,16989808.0
2025-10-07 13:30:00,255.86,256.62,255.42999,256.48999,8634423.0
2025-10-08 09:30:00,256.53,258.51999,256.10999,257.92499,17818743.0
2025-10-08 13:30:00,257.92499,258.48999,257.64999,258.029999,9059212.0
2025-10-09 09:30:00,257.775,258.0,253.19,253.4576,21109255.0
2025-10-09 13:30:00,253.41,254.27,253.14,254.03,10059140.0
2025-10-10 09:30:00,254.87,256.37,247.059998,247.81,41195967.0
2025-10-10 13:30:00,247.77,248.57001,244.7,245.31,18820072.0
2025-10-13 09:30:00,249.38,249.6893,245.56,249.1042,20590023.0
2025-10-13 13:30:00,249.089996,249.32001,247.33,247.59,8273179.0
2025-10-14 09:30:00,246.61501,248.0354,244.7,247.798,14966358.0
2025-10-14 13:30:00,247.81,248.845,246.73,247.85001,10437585.0
2025-10-15 09:30:00,249.38,251.82001,247.48,248.0905,16785371.0
2025-10-15 13:30:00,248.105,250.10001,248.050003,249.42999,8302844.0
2025-10-16 09:30:00,248.27,249.039993,246.039993,247.22,21742191.0
2025-10-16 13:30:00,247.22,247.91,245.13,247.42999,11333960.0
2025-10-17 09:30:00,248.020004,251.36,247.27,250.815,24943998.0
2025-10-17 13:30:00,250.8,253.38,250.245,252.3,15183427.0
2025-10-20 09:30:00,255.88499,264.375,255.63,263.16501,62071106.0
2025-10-20 13:30:00,263.17999,263.85001,261.92999,262.23001,18241176.0
2025-10-21 09:30:00,261.88,265.29001,261.88,263.32651,29910704.0
2025-10-21 13:30:00,263.32581,264.049988,262.14999,262.84,10642093.0
2025-10-22 09:30:00,262.79001,262.85001,256.29999,256.69141,24658746.0
2025-10-22 13:30:00,256.67001,258.81,255.42999,258.42999,11679706.0
2025-10-23 09:30:00,259.89001,260.6199,258.010101,259.85999,14846127.0
2025-10-23 13:30:00,259.88,260.42499,259.079987,259.57999,8701219.0
2025-10-24 09:30:00,261.19,264.029999,259.17999,263.60999,20167569.0
2025-10-24 13:30:00,263.60999,264.13,262.13,262.73999,10773901.0
2025-10-27 09:30:00,264.88,267.049988,264.65009,265.62,20219405.0
2025-10-27 13:30:00,265.63,269.079987,265.47,268.73999,13427036.0
2025-10-28 09:30:00,269.13501,269.87,268.14999,269.495,21645066.0
2025-10-28 13:30:00,269.495,269.495,268.60001,269.029999,12641672.0
2025-10-29 09:30:00,269.27499,271.41,267.10999,269.93011,24118271.0
2025-10-29 13:30:00,269.89001,270.92999,267.79999,269.73001,14445185.0
2025-10-30 09:30:00,271.98999,274.14001,268.48001,271.95001,18553918.0
2025-10-30 13:30:00,271.95001,272.29999,270.995,271.29001,12443844.0
2025-10-31 09:30:00,276.98999,277.32001,269.16,270.34879,30130013.0
2025-10-31 13:30:00,270.32999,272.64999,269.95999,270.25,11899471.0
2025-11-03 09:30:00,270.42001,270.78,266.25,267.67801,18181871.0
2025-11-03 13:30:00,267.7099,269.10999,266.91,269.059998,7701840.0
2025-11-04 09:30:00,268.24249,271.48599,267.61499,270.6384,20909105.0
2025-11-04 13:30:00,270.60999,270.82001,269.28271,270.20999,8679081.0
2025-11-05 09:30:00,268.59,270.79001,266.92999,270.12,13223421.0
2025-11-05 13:30:00,270.10999,271.70001,268.995,270.10999,32276577.0
2025-11-06 09:30:00,267.89001,273.39999,267.89001,271.35001,22347542.0
2025-11-06 13:30:00,271.37,272.20001,269.595,269.64001,16549956.0
2025-11-07 09:30:00,269.79501,272.29001,267.26999,268.45001,17164548.0
2025-11-07 13:30:00,268.45001,268.66,266.78,268.42001,9415696.0
2025-11-10 09:30:00,268.95001,273.73001,268.48999,269.73001,14268312.0
2025-11-10 13:30:00,269.70999,270.30771,267.45499,269.35999,8329771.0
2025-11-11 09:30:00,269.81,274.73999,269.79999,274.48001,17857584.0
2025-11-11 13:30:00,274.48999,275.845,274.16,275.29999,16959507.0
2025-11-12 09:30:00,275.075012,275.23999,271.87,274.98001,17793058.0
2025-11-12 13:30:00,274.98999,275.73001,272.97,273.47,16168480.0
2025-11-13 09:30:00,274.26999,276.69901,272.17999,272.5701,22677605.0
2025-11-13 13:30:00,272.56,273.85001,272.10001,273.040009,16689297.0
2025-11-14 09:30:00,271.049988,275.95831,269.60001,274.58499,20403475.0
2025-11-14 13:30:00,274.57001,274.76001,272.17001,272.54999,6911076.0
2025-11-17 09:30:00,268.72,270.48999,266.64999,267.78,15903006.0
2025-11-17 13:30:00,267.76999,268.34,265.73001,267.45999,8256795.0
2025-11-18 09:30:00,269.91501,270.70499,265.32001,268.45001,16766773.0
2025-11-18 13:30:00,268.45001,269.22,267.32999,267.51001,7419486.0
2025-11-19 09:30:00,265.52499,272.20999,265.5,270.029999,13621700.0
2025-11-19 13:30:00,270.01001,271.01001,268.14001,268.54999,13523398.0
2025-11-20 09:30:00,270.81,275.42999,267.020111,268.81,17764855.0
2025-11-20 13:30:00,268.79001,268.92999,265.92001,266.38,7976423.0
2025-11-21 09:30:00,265.88,271.60001,265.82001,270.98001,29148175.0
2025-11-21 13:30:00,270.98001,273.315,270.59,271.5,24141955.0
2025-11-24 09:30:00,270.89999,276.51001,270.89999,276.12,21215561.0
2025-11-24 13:30:00,276.12,276.98001,275.10999,275.98001,10343093.0
2025-11-25 09:30:00,275.29999,280.38,275.26999,278.76001,16993833.0
2025-11-25 13:30:00,278.76501,278.78,276.85999,276.95001,6085727.0
2025-11-26 09:30:00,276.95999,279.53,276.63,278.54999,12054351.0
2025-11-26 13:30:00,278.56,278.94,277.14999,277.47,12502220.0
2025-11-28 09:30:00,277.26001,279.0,275.98651,278.85999,10081242.0
2025-12-01 09:30:00,278.14999,280.64001,276.14001,280.5882,11159771.0
2025-12-01 13:30:00,280.59009,283.41,280.45001,283.32001,11194434.0
2025-12-02 09:30:00,283.0,287.39999,282.73001,285.215,19672499.0
2025-12-02 13:30:00,285.20001,286.82001,285.015015,286.23001,18383667.0
2025-12-03 09:30:00,286.20001,288.60999,285.34,285.67929,14463166.0
2025-12-03 13:30:00,285.67999,285.94,283.54001,284.14999,16502486.0
2025-12-04 09:30:00,284.10999,284.73001,279.64001,280.0050049,13494920.0
2025-12-04 13:30:00,279.98999,280.73001,278.59,280.64999,13738653.0
2025-12-05 09:30:00,280.54001,281.14001,278.049988,279.44,11991365.0
2025-12-05 13:30:00,279.48001,279.57001,278.19,278.79001,6210540.0
2025-12-08 09:30:00,278.16849,279.66931,276.70499,276.97,13507757.0
2025-12-08 13:30:00,276.94949,277.98499,276.14999,277.95999,13585063.0
2025-12-09 09:30:00,277.89001,280.029999,277.029999,278.38501,11317039.0
2025-12-09 13:30:00,278.38501,278.89001,276.92001,277.23001,11327891.0
2025-12-10 09:30:00,277.87,279.28,276.44,278.12,8734398.0
2025-12-10 13:30:00,278.12,279.75,277.70001,278.72,10986500.0
2025-12-11 09:30:00,279.095001,279.57999,273.81,277.52261,13118613.0
2025-12-11 13:30:00,277.52499,278.215,277.47,278.059998,5235303.0
2025-12-12 09:30:00,277.79501,279.22,276.82001,279.049988,12053730.0
2025-12-12 13:30:00,279.040009,279.049988,276.94501,278.37,7539545.0
2025-12-15 09:30:00,280.0,280.049988,273.62,274.040009,19646928.0
2025-12-15 13:30:00,274.019989,274.72,272.84,274.11499,9339199.0
2025-12-16 09:30:00,272.82001,274.28,271.79001,272.13,15298112.0
2025-12-16 13:30:00,272.13501,275.5,272.13501,274.47,6282474.0
2025-12-17 09:30:00,275.01001,276.16,272.28,273.019989,14428070.0
2025-12-17 13:30:00,272.99011,274.10999,271.69,271.85999,9344579.0
2025-12-18 09:30:00,273.60501,273.62,266.95999,272.64999,24922422.0
2025-12-18 13:30:00,272.67001,273.20001,270.5,272.16,16015300.0
2025-12-19 09:30:00,272.14499,272.92001,270.26999,270.75,27209491.0
2025-12-19 13:30:00,270.76001,274.57629,269.89999,273.67001,13846366.0
2025-12-22 09:30:00,272.85999,273.88,270.73999,270.93991,12920398.0
2025-12-22 13:30:00,270.935,271.19989,270.505,270.82001,6559843.0
2025-12-23 09:30:00,270.35999,272.31119,269.56,271.70001,10745614.0
2025-12-23 13:30:00,271.70001,272.45001,271.5,272.23999,5586959.0
2025-12-24 09:30:00,273.25,275.42999,273.089996,273.85001,10694663.0
2025-12-26 09:30:00,274.25,275.37,274.059998,274.51999,6317216.0
2025-12-26 13:30:00,274.52499,274.98499,272.87,273.25,5474139.0
2025-12-29 09:30:00,272.69,274.35999,272.39001,273.64001,9676369.0
2025-12-29 13:30:00,273.63,274.0,273.44,273.79901,8995269.0
2025-12-30 09:30:00,274.0,274.070007,272.28,273.10001,7767114.0
2025-12-30 13:30:00,273.10001,273.52179,272.73999,272.98999,4914581.0
2025-12-31 09:30:00,273.35999,273.67999,271.76001,272.625,9233018.0
2025-12-31 13:30:00,272.625,273.42999,271.75,271.84,11330496.0
2026-01-02 09:30:00,272.0,277.8248,269.10999,270.079987,20741673.0
2026-01-02 13:30:00,270.089996,271.049988,269.019989,270.98001,6779221.0
2026-01-05 09:30:00,270.63501,271.17999,266.77011,267.42001,15890865.0
2026-01-05 13:30:00,267.41,267.73999,266.14001,267.26001,8095665.0
2026-01-06 09:30:00,267.0079956,267.0079956,262.2,262.845,18935803.0
2026-01-06 13:30:00,262.92999,263.070007,262.15,262.22,7776152.0
2026-01-07 09:30:00,263.26999,263.67999,260.91,261.22,17160976.0
2026-01-07 13:30:00,261.245,262.51999,259.82001,260.35999,9850044.0
2026-01-08 09:30:00,256.375,258.60001,255.7,257.48001,20691574.0
2026-01-08 13:30:00,257.51001,259.28,256.29999,259.059998,9156588.0
2026-01-09 09:30:00,259.075012,260.0,256.22009,259.12,15951238.0
2026-01-09 13:30:00,259.13,260.20999,258.95001,259.35001,7007709.0
2026-01-12 09:30:00,259.41,261.29999,256.79999,260.89001,16655459.0
2026-01-12 13:30:00,260.89099,261.19,260.01001,260.20999,19947470.0
2026-01-13 09:30:00,258.72,261.81,258.39001,259.98999,15631182.0
2026-01-13 13:30:00,259.98001,261.20001,258.7601,261.049988,31340579.0
2026-01-14 09:30:00,259.48999,261.81,256.70999,257.53,12065118.0
2026-01-14 13:30:00,257.53,260.60001,257.054993,259.95001,37655245.0
2026-01-15 09:30:00,260.64999,261.029999,258.0,259.53,16652031.0
2026-01-15 13:30:00,259.54999,259.75,257.049988,258.32999,7896025.0
2026-01-16 09:30:00,257.88,258.89999,254.92999,256.029999,20472499.0
2026-01-16 13:30:00,256.029999,257.14999,255.13,255.48,8972357.0
2026-01-20 09:30:00,252.50999,254.78999,249.080002,249.19501,18111180.0
2026-01-20 13:30:00,249.17999,249.23,243.42,246.69,19367907.0
2026-01-21 09:30:00,248.71001,248.75,245.19,245.88,16645324.0
2026-01-21 13:30:00,245.88,251.56,245.5,247.63,14601004.0
2026-01-22 09:30:00,249.36,250.82001,248.38499,250.67999,14184399.0
2026-01-22 13:30:00,250.67,251.0,248.17999,248.34,16515902.0
2026-01-23 09:30:00,245.75,249.41,244.67999,247.92999,15062599.0
2026-01-23 13:30:00,247.96001,248.85001,246.97,247.97,16606153.0
2026-01-26 09:30:00,251.48,255.5,249.8,254.64999,19628524.0
2026-01-26 13:30:00,254.64,256.56,254.32001,255.42,29438635.0
2026-01-27 09:30:00,259.14001,261.95001,258.66,260.255,18340746.0
2026-01-27 13:30:00,260.26999,260.35999,258.20999,258.26999,17437905.0
2026-01-28 09:30:00,257.56,258.85501,254.50999,255.255,13377032.0
2026-01-28 13:30:00,255.25999,256.89999,254.78,256.44,8383363.0
2026-01-29 09:30:00,258.070007,259.64999,254.41,257.38,18841359.0
2026-01-29 13:30:00,257.36499,259.35001,257.16,258.17499,13180988.0
2026-01-30 09:30:00,255.16499,258.70001,252.17999,256.054993,41607540.0
2026-01-30 13:30:00,256.054993,261.8999,255.75,259.48001,24800320.0
2026-02-02 09:30:00,260.019989,265.37,259.20499,265.13,22316953.0
2026-02-02 13:30:00,265.14499,270.48999,265.01001,269.95999,16821608.0
2026-02-03 09:30:00,269.13,271.57999,267.60999,269.34,22000060.0
2026-02-03 13:30:00,269.33499,271.875,268.67001,269.45999,22020902.0
2026-02-04 09:30:00,272.31,278.81,272.285,275.60001,30994383.0
2026-02-04 13:30:00,275.62,278.95001,274.35001,276.45999,36885579.0
2026-02-05 09:30:00,278.019989,279.44,273.23001,274.32001,21305961.0
2026-02-05 13:30:00,274.26001,277.72,274.11499,275.92001,10073326.0
2026-02-06 09:30:00,277.16,280.905,277.0,277.77499,22130157.0
2026-02-06 13:30:00,277.79999,279.01001,276.92499,278.079987,8990408.0
2026-02-09 09:30:00,277.905,278.040009,271.70001,271.98001,19005393.0
2026-02-09 13:30:00,271.98001,275.12,271.84,274.54001,8772455.0
2026-02-10 09:30:00,274.88501,275.35999,272.94,274.054993,10315445.0
2026-02-10 13:30:00,274.054993,274.48999,273.31,273.79001,12286987.0
2026-02-11 09:30:00,274.69501,280.17999,274.45001,278.95999,18771705.0
2026-02-11 13:30:00,278.935,279.67001,274.81061,275.54001,11321166.0
2026-02-12 09:30:00,275.60001,275.72,260.17999,262.32999,25146071.0
2026-02-12 13:30:00,262.31,262.67001,260.28,261.59,30653651.0
2026-02-13 09:30:00,262.01001,262.23001,258.37,258.91,24149611.0
2026-02-13 13:30:00,258.94,259.31,255.45,255.82001,19758180.0
2026-02-17 09:30:00,258.049988,263.67999,255.55299,263.39999,21345322.0
2026-02-17 13:30:00,263.45999,266.29001,262.5,263.75,11168491.0
2026-02-18 09:30:00,263.5,266.82001,262.45001,265.3999,13346706.0
2026-02-18 13:30:00,265.38,265.57901,263.20999,264.32001,6145153.0
2026-02-19 09:30:00,262.60001,264.48001,261.42001,261.76999,11713199.0
2026-02-19 13:30:00,261.73999,262.3689,260.049988,260.51001,10353264.0
2026-02-20 09:30:00,258.95499,264.75,258.16,263.60999,22052959.0
2026-02-20 13:30:00,263.57501,264.745,263.089996,264.59,17215154.0
2026-02-23 09:30:00,263.48999,269.37,263.38101,269.33499,151433552.0
2026-02-23 13:30:00,269.34,269.42999,265.98999,266.39001,97874284.0
2026-02-24 09:30:00,268.0,274.89001,267.73999,271.595,179798016.0
2026-02-24 13:30:00,271.60001,272.72,271.37,272.17001,96416020.0
2026-02-25 09:30:00,271.67999,274.63,271.049988,274.35001,116429265.0
2026-02-25 13:30:00,274.32999,274.94,273.20999,274.17999,60530281.0
2026-02-26 09:30:00,274.95499,276.10999,270.79501,271.39001,136769146.0
2026-02-26 13:30:00,271.41,273.5,270.853,272.98999,103981536.0
2026-02-27 09:30:00,272.81,272.81,265.88,265.95081,167507191.0
2026-02-27 13:30:00,265.95001,266.89999,262.89001,264.17001,84968483.0
2026-03-02 09:30:00,262.44,266.29001,260.20001,265.5,104114054.0
2026-03-02 13:30:00,265.52802,266.53,263.60999,264.60001,71537248.0
2026-03-03 09:30:00,263.48001,265.56,260.13,261.48001,17905832.0
2026-03-03 13:30:00,261.44,264.61499,261.37,263.689,9627356.0
2026-03-04 09:30:00,264.64999,266.14999,261.42001,263.78,16669210.0
2026-03-04 13:30:00,263.79999,264.19501,262.059906,262.45001,11110277.0
2026-03-05 09:30:00,260.745,261.55499,258.075012,258.90909,22679462.0
2026-03-05 13:30:00,258.92001,260.56,257.25,260.26001,14417386.0
2026-03-06 09:30:00,258.73999,258.76001,254.37,256.47501,17521036.0
2026-03-06 13:30:00,256.47501,258.01001,255.91,257.44,10015162.0
2026-03-09 09:30:00,255.69,258.26999,253.6805,256.63,16360488.0
2026-03-09 13:30:00,256.64999,261.14999,255.95,259.89001,11616389.0
2026-03-10 09:30:00,257.69501,262.48001,256.95001,262.20001,13305426.0
2026-03-10 13:30:00,262.19,262.48001,260.3501,260.72,8609211.0
2026-03-11 09:30:00,261.20999,262.13,259.54999,261.025085,10359449.0
2026-03-11 13:30:00,261.040009,261.13,259.63,260.81,6687550.0
2026-03-12 09:30:00,258.64001,258.95001,254.17999,255.050003,18008729.0
2026-03-12 13:30:00,255.0401,256.25,254.81,255.75,10441807.0
2026-03-13 09:30:00,255.39999,256.32999,250.96001,251.17999,16471635.0
2026-03-13 13:30:00,251.185,251.845,249.52,250.11501,12157405.0
2026-03-16 09:30:00,252.105,253.88499,249.91,252.92999,97200315.0
2026-03-16 13:30:00,252.94,253.44,252.11,252.78,73626811.0
2026-03-17 09:30:00,253.078506,255.1299,252.17999,253.92,89719084.0
2026-03-17 13:30:00,253.91,254.63,253.1301,254.23,81119967.0
2026-03-18 09:30:00,252.625,254.94,250.39,250.80499,83433409.0
2026-03-18 13:30:00,250.78999,251.6476,249.0,249.91,66518071.0
2026-03-19 09:30:00,249.39999,251.83,247.3,248.28011,119190545.0
2026-03-19 13:30:00,248.295,249.59,247.67,248.907,71013783.0
2026-03-20 09:30:00,248.11,249.059998,246.61,248.27,38306123.0
2026-03-20 13:30:00,248.28999,249.19991,246.0,248.19,13461430.0
2026-03-23 09:30:00,253.99001,254.56,250.28,250.92,19859424.0
2026-03-23 13:30:00,250.955,252.52499,250.89999,251.44,9875828.0
2026-03-24 09:30:00,250.49001,254.825,249.55,253.059998,14904389.0
2026-03-24 13:30:00,253.050003,253.53999,251.22,251.75,8296449.0
2026-03-25 09:30:00,254.020004,254.98,251.60001,254.145,13072395.0
2026-03-25 13:30:00,254.12,254.50999,252.0099945,252.57001,7370561.0
2026-03-26 09:30:00,251.995,257.0,250.77499,254.99001,19695320.0
2026-03-26 13:30:00,254.98,255.11501,252.020004,252.88,11923996.0
2026-03-27 09:30:00,253.91,255.493,250.37,250.41,21524700.0
2026-03-27 13:30:00,250.41,250.58,248.070007,248.62,13945446.0
2026-03-30 09:30:00,249.995,250.84,245.96001,246.25,15799790.0
2026-03-30 13:30:00,246.255,247.32001,245.50999,246.53999,10397511.0
2026-03-31 09:30:00,247.89,253.9299,247.101,253.22501,18621563.0
2026-03-31 13:30:00,253.17999,255.48,252.39999,253.78999,13658708.0
2026-04-01 09:30:00,254.3,256.17999,253.33,255.1422,18185803.0
2026-04-01 13:30:00,255.125,256.13,253.97,255.69,10632194.0
2026-04-02 09:30:00,254.14,255.72,250.64999,255.33501,12963748.0
2026-04-02 13:30:00,255.33501,256.13,254.31,255.89,8366055.0
2026-04-06 09:30:00,256.96249,262.16,256.48001,258.78,14675103.0
2026-04-06 13:30:00,258.79001,259.39001,257.85001,258.88699,7050006.0
2026-04-07 09:30:00,254.72,254.7999,245.7,251.58501,37488549.0
2026-04-07 13:30:00,251.61501,253.60989,250.12,253.49001,13581966.0
2026-04-08 09:30:00,258.51001,259.74991,256.53,257.51001,20799408.0
2026-04-08 13:30:00,257.5,258.98999,256.91,258.92999,9922048.0
2026-04-09 09:30:00,259.37,260.53,256.070007,260.054993,13301888.0
2026-04-09 13:30:00,260.049988,261.12,259.29999,260.39001,6836094.0
2026-04-10 09:30:00,259.95001,262.19,259.070007,259.23999,13226754.0
2026-04-10 13:30:00,259.23999,260.535,259.023102,260.38,7966674.0
2026-04-13 09:30:00,259.85999,260.17999,256.66,257.86499,15256391.0
2026-04-13 13:30:00,257.85999,259.57999,257.51999,259.20999,9649092.0
2026-04-14 09:30:00,259.10001,261.92999,257.19009,258.66,21306697.0
2026-04-14 13:30:00,258.66,258.97,257.75,258.85501,11109268.0
2026-04-15 09:30:00,258.11,265.78,257.83,264.945,1352328.0
2026-04-15 13:30:00,264.93,266.55,264.3,266.37,1056992.0
2026-04-16 09:30:00,266.79999,267.16,261.26999,263.51999,23170036.0
2026-04-16 13:30:00,263.53,264.54999,263.26001,263.35999,9363854.0
2026-04-17 09:30:00,267.097992,272.29999,266.72,270.57999,34007275.0
2026-04-17 13:30:00,270.57999,270.79999,269.53,270.185,12010635.0
2026-04-20 09:30:00,270.32999,274.27499,270.32999,272.19,18858193.0
2026-04-20 13:30:00,272.17001,273.64001,271.98001,272.92999,8577329.0
2026-04-21 09:30:00,271.44501,272.79999,265.39999,266.16,25914254.0
2026-04-21 13:30:00,266.17999,268.19,265.87,266.22,14672509.0
2026-04-22 09:30:00,267.82001,273.505,266.87,273.20999,23157734.0
2026-04-22 13:30:00,273.21899,273.73999,272.10049,273.19,9895603.0
2026-04-23 09:30:00,275.045013,275.76999,272.090088,272.23999,15224548.0
2026-04-23 13:30:00,272.25,274.54501,271.64999,273.44,9522972.0
2026-04-24 09:30:00,272.76001,273.059998,269.64999,270.065002,16355055.0
2026-04-24 13:30:00,270.049988,271.48001,269.72,271.059998,11373448.0
2026-04-27 09:30:00,266.089996,268.35999,265.070007,266.84,19101101.0
2026-04-27 13:30:00,266.82999,267.95999,266.089996,267.67999,9349919.0
2026-04-28 09:30:00,272.33499,273.22,268.66,269.87,19010434.0
2026-04-28 13:30:00,269.87,270.94501,269.79001,270.76001,8181024.0
2026-04-29 09:30:00,267.54999,271.040009,267.040009,270.20001,13120141.0
2026-04-29 13:30:00,270.20999,270.59,269.37,270.19,6588403.0
2026-04-30 09:30:00,270.5,273.76001,268.14001,272.785,22577529.0
2026-04-30 13:30:00,272.81,275.94,270.34,271.35999,22820580.0
2026-05-01 09:30:00,278.94,287.20999,278.37,282.81,54101433.0
2026-05-01 13:30:00,282.80499,282.82001,279.60999,280.14999,15451832.0
2026-05-04 09:30:00,279.655,280.63,274.86011,277.040009,22619885.0
2026-05-04 13:30:00,277.059998,277.67001,276.26001,276.84,9661739.0
2026-05-05 09:30:00,276.89999,284.57001,276.50101,282.815,23309492.0
2026-05-05 13:30:00,282.81,284.45001,282.35269,284.17001,12259027.0
2026-05-06 09:30:00,281.91501,287.13,281.075012,286.73499,26185792.0
2026-05-06 13:30:00,286.73001,288.029999,286.57001,287.53,13790603.0
2026-05-07 09:30:00,289.26999,292.13,288.20001,288.76501,22909629.0
2026-05-07 13:30:00,288.745,289.76999,285.78,287.47,11200997.0
2026-05-08 09:30:00,290.10999,294.76001,290.0,292.14999,25833468.0
2026-05-08 13:30:00,292.14001,294.25,292.070007,293.28,12506553.0
2026-05-11 09:30:00,291.979,293.88,290.23001,291.94,20852038.0
2026-05-11 13:30:00,291.93991,292.98001,290.85999,292.73999,8768464.0
2026-05-12 09:30:00,292.755,294.8999,292.61499,293.89999,21342621.0
2026-05-12 13:30:00,293.89999,295.26999,293.69,294.87,10864486.0
2026-05-13 09:30:00,293.63,300.37,293.56,300.125,26192272.0
2026-05-13 13:30:00,300.10999,300.92001,298.61499,298.88,12105872.0
2026-05-14 09:30:00,299.82001,300.35001,295.38,298.38,18563576.0
2026-05-14 13:30:00,298.409,299.20001,297.54999,298.16501,8352691.0
2026-05-15 09:30:00,297.755,303.20001,296.53,303.12,28034284.0
2026-05-15 13:30:00,303.10001,303.14001,299.63,300.22,13030828.0
2026-05-18 09:30:00,300.23999,300.63,294.91,296.17029,17237378.0
2026-05-18 13:30:00,296.185,297.92001,295.45001,297.89999,10219549.0
2026-05-19 09:30:00,296.97,300.51001,296.35001,298.24951,19109675.0
2026-05-19 13:30:00,298.25,299.22,297.48999,298.98001,8117601.0
2026-05-20 09:30:00,298.17999,302.37,298.089996,301.049988,16927199.0
2026-05-20 13:30:00,301.059998,302.79999,300.91,302.26501,11034062.0
2026-05-21 09:30:00,301.049988,304.67999,300.39999,304.591,16174810.0
2026-05-21 13:30:00,304.60999,305.539,303.89001,305.089996,10981464.0
2026-05-22 09:30:00,306.059998,311.39999,305.85001,309.86011,25505065.0
2026-05-22 13:30:00,309.87,310.155,307.97,308.88,9463786.0
2026-05-26 09:30:00,309.39999,311.82001,309.029999,309.185,22105291.0
2026-05-26 13:30:00,309.19,310.20001,307.67001,308.38,10304537.0
2026-05-27 09:30:00,308.44,313.26001,308.32999,310.47,30176765.0
2026-05-27 13:30:00,310.47,311.10001,309.51999,310.92999,9709418.0
2026-05-28 09:30:00,310.67999,312.76001,309.57001,310.79999,18765608.0
2026-05-28 13:30:00,310.815,312.56,310.10999,312.5,14075440.0
2026-05-29 09:30:00,311.77499,315.0,310.20001,310.42001,20431608.0
2026-05-29 13:30:00,310.42001,313.10999,309.53,312.070007,12848976.0
2026-06-01 09:30:00,309.535,310.92999,305.029999,306.47,23743850.0
2026-06-01 13:30:00,306.51999,308.39999,305.90991,306.32001,12978890.0
2026-06-02 09:30:00,307.45999,315.10001,306.72,314.67999,21214458.0
2026-06-02 13:30:00,314.67999,315.45001,313.755,315.19,11862109.0
2026-06-03 09:30:00,314.17499,316.94,308.85001,309.20999,26146966.0
2026-06-03 13:30:00,309.19501,311.10001,308.98001,310.38,12159738.0
2026-06-04 09:30:00,313.30499,313.54001,309.64999,311.66501,19859187.0
2026-06-04 13:30:00,311.67001,312.070007,310.26001,311.16,8970333.0
2026-06-05 09:30:00,312.98999,315.17001,309.57999,311.51001,27664119.0
2026-06-05 13:30:00,311.495,312.79999,307.14999,307.39001,23648793.0
2026-06-08 09:30:00,308.73901,315.35999,308.522,314.57001,26882873.0
2026-06-08 13:30:00,314.565,317.39999,301.17001,301.57001,37120790.0
2026-06-09 09:30:00,300.27499,300.72,287.78,290.45999,41750160.0
2026-06-09 13:30:00,290.44,291.92001,288.79999,290.35999,16884603.0
2026-06-10 09:30:00,290.76501,293.22949,287.38,293.15009,26739292.0
2026-06-10 13:30:00,293.16,294.745,291.39001,291.5,15912551.0
2026-06-11 09:30:00,293.72,296.0,289.60001,295.95499,18862006.0
2026-06-11 13:30:00,295.98999,297.0,294.70001,295.35999,12952821.0
2026-06-12 09:30:00,296.079987,297.14001,290.01001,291.46011,20499259.0
2026-06-12 13:30:00,291.48001,291.64001,289.62,291.079987,10149513.0
2026-06-15 09:30:00,294.12,297.78,291.70001,296.66,20263933.0
2026-06-15 13:30:00,296.66,297.0,294.95999,296.42001,24844881.0
2026-06-16 09:30:00,295.245,300.48001,293.97,300.27499,19090391.0
2026-06-16 13:30:00,300.26001,300.45999,298.22,299.25,10468754.0
2026-06-17 09:30:00,300.845,302.070007,296.57001,296.81,16856335.0
2026-06-17 13:30:00,296.79999,297.60001,294.38,295.88,12093112.0
2026-06-18 09:30:00,298.44,300.57001,295.62,297.82001,43882070.0
2026-06-18 13:30:00,297.82501,299.23941,297.01001,297.89001,10548328.0
2026-06-22 09:30:00,297.5,302.42001,297.5,299.81,18622424.0
2026-06-22 13:30:00,299.815,299.85999,296.79001,296.79001,11480940.0
2026-06-23 09:30:00,296.5,301.64001,296.20001,299.39499,20945895.0
2026-06-23 13:30:00,299.39499,300.084991,294.21201,294.28,16250387.0
2026-06-24 09:30:00,295.375,299.70001,293.20001,296.42001,17415221.0
2026-06-24 13:30:00,296.41,296.86441,292.94,293.26001,16770397.0
2026-06-25 09:30:00,287.51001,288.79999,273.75,278.040009,55599814.0
2026-06-25 13:30:00,278.049988,280.22009,273.89999,275.049988,33439695.0
2026-06-26 09:30:00,275.0,280.47,274.20999,279.19501,48612916.0
2026-06-26 13:30:00,279.17999,285.95001,278.64081,281.20001,47350345.0
2026-06-29 09:30:00,286.85999,288.36969,279.85001,281.48001,31124078.0
2026-06-29 13:30:00,281.47,283.077515,280.85999,281.63,16405683.0
2026-06-30 09:30:00,281.17001,289.66,280.69501,288.42999,22673780.0
2026-06-30 13:30:00,288.44501,289.91,286.67999,289.089996,16219505.0
2026-07-01 09:30:00,293.32999,296.59,289.19501,294.089996,22492717.0
2026-07-01 13:30:00,294.079987,295.54999,292.70001,294.25,16140727.0
2026-07-02 09:30:00,294.084991,308.52991,293.67999,307.80499,40764977.0
2026-07-02 13:30:00,307.80499,309.42001,306.8201,308.22,19661337.0
2026-07-06 09:30:00,307.67999,314.20001,307.01001,312.38,27553391.0
2026-07-06 13:30:00,312.3876,313.73999,312.049988,312.81,10941518.0
2026-07-07 09:30:00,315.29001,315.48001,310.14999,312.84,22880960.0
2026-07-07 13:30:00,312.82001,313.17999,310.32999,310.66,18864606.0
2026-07-08 09:30:00,311.66,314.19,307.051514,314.1199,19869674.0
2026-07-08 13:30:00,314.13,314.81,311.15039,313.26001,12559252.0
2026-07-09 09:30:00,310.44501,315.5,308.16,314.72141,24718113.0
2026-07-09 13:30:00,314.72351,316.53,314.23499,316.17999,11302224.0
2026-07-10 09:30:00,314.72,316.39001,312.17001,314.45999,14806943.0
2026-07-10 13:30:00,314.47,316.91,313.89029,315.3299,9096755.0
2026-07-13 09:30:00,317.015015,323.45001,315.78,316.47,23494686.0
2026-07-13 13:30:00,316.48999,317.73999,315.89999,317.42001,10774694.0
2026-07-14 09:30:00,313.64001,316.19,311.91,314.87,17380212.0
2026-07-14 13:30:00,314.89001,315.87,314.59,314.92001,7170852.0
2026-07-15 09:30:00,317.625,328.53,317.32001,326.98999,33112374.0
2026-07-15 13:30:00,327.0,328.72,325.72,327.57001,16460786.0
2026-07-16 09:30:00,328.0050049,332.97,326.79001,332.89999,28386891.0
2026-07-16 13:30:00,332.89819,334.67999,329.34,333.26999,22978127.0
2026-07-17 09:30:00,332.54001,334.98001,329.00061035,330.54001,35605594.0
2026-07-17 13:30:00,330.5108,334.67001,330.079987,333.73999,16983108.0
2026-07-20 09:30:00,333.024994,333.70999,323.70001,324.72,27318913.0
2026-07-20 13:30:00,324.73001,329.76001,324.20001,326.70001,16334877.0
2026-07-21 09:30:00,323.345,329.60001,322.2204,327.070007,21065094.0
2026-07-21 13:30:00,327.070007,328.48999,326.72,327.59,10277618.0
2026-07-22 09:30:00,327.875,328.99951,323.34,323.66501,17336960.0
2026-07-22 13:30:00,323.66501,326.91,323.55499,325.87,9650029.0
2026-07-23 09:30:00,321.73001,323.29999,319.35001,320.87,18804779.0
2026-07-23 13:30:00,320.87009,321.98001,319.76001,321.60999,10590560.0
2026-07-24 09:30:00,324.375,334.37,323.23001,332.39999,25329117.0
2026-07-24 13:30:00,332.39499,333.45001,331.85001,333.070007,13748356.0
2026-07-27 09:30:00,334.89999,339.57001,334.019989,336.049988,28902531.0
2026-07-27 13:30:00,336.070007,337.22,334.70001,336.92001,10242090.0
2026-07-28 09:30:00,340.029999,342.89001,335.60001,339.029999,26522448.0
2026-07-28 13:30:00,339.040009,340.53,338.28,340.16,13228677.0
2026-07-29 09:30:00,339.69,343.67001,339.51999,342.72,23185706.0
2026-07-29 13:30:00,342.69501,344.56989,337.3501,338.070007,18577662.0
2026-07-30 09:30:00,333.13,334.48001,329.59,332.089996,30478030.0
2026-07-30 13:30:00,332.079987,334.75,331.72009,333.85001,14398684.0
2026-07-31 09:30:00,304.81,306.89999,300.0,301.20001,70840407.0
2026-07-31 13:30:00,301.20001,310.66,300.5,309.029999,42070580.0
2026-08-03 09:30:00,309.67001,311.79999,302.56,307.22501,39610907.0
2026-08-03 13:30:00,307.22501,307.23001,302.67999,303.26999,20561948.0
2026-08-04 09:30:00,303.79001,310.42001,302.45001,308.89999,32891944.0
2026-08-04 13:30:00,308.89999,310.42001,308.25,309.39001,15451860.0
2026-08-05 09:30:00,309.35999,311.70819,305.67001,309.73999,24500890.0
2026-08-05 13:30:00,309.75,311.55499,308.079987,310.92001,12833842.0
2026-08-06 09:30:00,314.34,316.2894,309.23001,311.20059,23748112.0
2026-08-06 13:30:00,311.20999,312.94,311.18011,312.45001,9274871.0
2026-08-07 09:30:00,312.0,314.81,310.73999,312.73999,16809107.0
2026-08-07 13:30:00,312.73999,314.17999,311.67999,313.29999,9233566.0
2026-08-10 09:30:00,306.82999,307.4559,304.63,306.47,25005256.0
2026-08-10 13:30:00,306.47,308.23001,306.0,308.19,10201919.0
2026-08-11 09:30:00,307.75,309.97,305.67001,306.19,15587947.0
2026-08-11 13:30:00,306.16501,306.51999,302.79001,304.89999,12856087.0
2026-08-12 09:30:00,305.13,305.66,300.57001,302.1601,18726162.0
2026-08-12 13:30:00,302.17001,302.2977,301.0,302.22501,13252913.0
2026-08-13 09:30:00,304.258,306.0,302.049988,303.34,20833108.0
2026-08-13 13:30:00,303.33011,305.32001,302.92999,305.32001,9513280.0
2026-08-14 09:30:00,306.028015,307.48999,304.29999,305.1944,12883041.0
2026-08-14 13:30:00,305.19501,306.25,305.040009,305.95001,7376490.0
2026-08-17 09:30:00,306.20999,307.66,302.939,304.41501,17466763.0
2026-08-17 13:30:00,304.41501,306.32001,303.95999,305.69,9369619.0
2026-08-18 09:30:00,307.53,311.48999,305.73999,310.39999,24950038.0
2026-08-18 13:30:00,310.39999,311.23999,309.37,310.20001,13678918.0
2026-08-19 09:30:00,310.13,319.27991,309.60001,315.059998,24531485.0
2026-08-19 13:30:00,315.059998,316.88,314.29001,316.88,13252486.0
2026-08-20 09:30:00,317.45499,320.28,315.95999,316.67001,47917090.0
2026-08-20 13:30:00,316.66,316.85999,310.64999,311.34,32741455.0
2026-08-21 09:30:00,312.049988,312.38,307.01001,311.059998,27217148.0
2026-08-21 13:30:00,311.019989,311.16,308.16,309.42001,9895832.0
2026-08-24 09:30:00,311.47,313.35999,309.97,312.1199,133993726.0
2026-08-24 13:30:00,312.11899,312.35001,310.172,310.35001,23111313.0
2026-08-25 09:30:00,310.935,313.57999,308.39001,309.655,58831764.0
2026-08-25 13:30:00,309.655,310.34,308.20999,309.82999,20379949.0
2026-08-26 09:30:00,310.245,313.94,308.80011,313.13,61752697.0
2026-08-26 13:30:00,313.155,315.42999,312.65009,313.48999,71747626.0
2026-08-27 09:30:00,311.98999,315.39999,309.40009,315.26999,74251424.0
2026-08-27 13:30:00,315.28,315.34,313.37,314.57501,44156289.0
2026-08-28 09:30:00,317.088013,322.37,315.45041,319.73999,50067330.0
2026-08-28 13:30:00,319.81,320.32999,319.049988,319.64001,78105140.0
2026-08-31 09:30:00,319.56,321.23499,312.79999,313.88,16138856.0
2026-08-31 13:30:00,313.85001,317.69,313.38501,317.23001,9925904.0
2026-09-01 09:30:00,316.98001,327.29999,314.737,324.64999,31602235.0
2026-09-01 13:30:00,324.69,325.92999,324.10001,325.14001,12134077.0
2026-09-02 09:30:00,326.97,328.39999,323.53,325.075012,19701976.0
2026-09-02 13:30:00,325.075012,326.48999,324.6001,324.98999,8392821.0
2026-09-03 09:30:00,324.94769,330.81,324.10999,327.73001,18962551.0
2026-09-03 13:30:00,327.72,328.84,326.51001,328.20999,9593074.0
2026-09-04 09:30:00,328.30499,328.92999,317.85999,321.685,22092226.0
2026-09-04 13:30:00,321.67999,322.10001,319.651,319.98999,8936128.0
2026-09-08 09:30:00,317.12,320.70001,315.26999,316.26999,16332333.0
2026-09-08 13:30:00,316.272,316.73999,314.92001,316.35001,9564325.0
2026-09-09 09:30:00,315.93011,318.13,310.97,311.70499,25716579.0
2026-09-09 13:30:00,311.72,319.14999,309.89999,315.41,32028220.0
2026-09-10 09:30:00,316.79001,324.86499,316.57001,324.82199,42534982.0
2026-09-10 13:30:00,324.84,326.67999,323.38,326.595,17881444.0
2026-09-11 09:30:00,327.63,336.22,326.29999,333.95001,30860620.0
2026-09-11 13:30:00,333.95999,334.29999,332.070007,332.23001,11362761.0
2026-09-14 09:30:00,334.82999,335.5,331.34,334.62,22888737.0
2026-09-14 13:30:00,334.62,335.42001,333.0,333.049988,10059395.0
2026-09-15 09:30:00,330.26001,331.59,328.35001,330.029999,15404834.0
2026-09-15 13:30:00,330.040009,331.76001,329.82999,331.33499,8224438.0
2026-09-16 09:30:00,332.42001,335.48001,331.87,333.26999,14921346.0
2026-09-16 13:30:00,333.28,334.79001,330.70001,332.5,11257711.0
2026-09-17 09:30:00,334.755,336.47,330.1937,335.45001,16215091.0
2026-09-17 13:30:00,335.44,338.34,335.39999,337.079987,9676577.0
2026-09-18 09:30:00,338.18,338.45,332.54,335.22,744504.0
2026-09-18 13:30:00,335.22,335.22,335.08,335.19,1649.0
